act,act_canonical,category
914,28 of Karnataka Civil Courts Act,Civil
2252,"A.P. BUILDINGS (LEASE, RENT AND EVICTION) CONTROL ACT, 1960",Civil
2319,"AGRA TENANCY ACT, 1926",Civil
2345,"ANDHRA PRADESH (A.A.) ESTATES LAND (REDUCTION OF RENT) ACT, 1947",Civil
2348,ANDHRA PRADESH (ANDHRA AREA) TENANCY ACT,Civil
2438,"APPRENTICES ACT, 1961",Civil
2529,Administration of Evacuee Property Act 1950,Civil
2865,Apprentices Act,Civil
2866,"Apprentices' Act, 1850",Civil
2867,ApprenticesAct,Civil
3248,"BOMBAY RENTS, HOTEL AND LODGING HOUSE RATES CONTROL ACT, 1947",Civil
3330,"Benami Transactions (Prohibition of the Right to Recover Property) Act, 1988",Civil
3383,Bengal Tenancy Act,Civil
3386,"Bengal, Agra and Assam Civil Courts Act",Civil
3387,"Bengal, Agra and Assam Civil Courts Act 1887",Civil
3388,"Bengal, Agra and Assam Civil Courts(Bihar Amendment )Act",Civil
3645,Bombay Civil Courts Act,Civil
3688,"Bombay Rents, Hotel and Lodging House Rates",Civil
3701,Bombay Tenancy and Agricultural Land (Vidarbha Region and Kutch Area) Act,Civil
3705,Bombay Tenancy and Agricultural Lands Act,Civil
3744,Brentford Electric (India) Limited (Acquisition  and Transfer  of Undertakings) Act 1987,Civil
3763,"Building (Lease,Rent and Eviction)Control Rules,(Bihar)",Civil
3786,"Buildings (Lease and Rent Control) Act, 1965 (Kerala)",Civil
3964,CHHOTANAGPUR TENANCY ACT,Civil
4019,CIVIL ACT,Civil
4033,CIVIL PROCEEDURE CODE,Civil
4039,CIVIL RULES OF PRACTICE,Civil
4604,CityTenancyProtectionAct,Civil
4605,Civil,Civil
4613,Civil Cases,Civil
4618,Civil Courts Act,Civil
4619,Civil Courts Act 1958,Civil
4620,"Civil Courts Act, 1957 (Kerala)",Civil
4622,"Civil Courts Act, Svt. 1977 (1920 A.D.)",Civil
4624,Civil Defence Act,Civil
4625,Civil Defence Act 1968,Civil
4636,Civil Misc 22/70,Civil
4664,Civil Proceedure Act,Civil
4669,Civil Procudure Code,Civil
4673,"Civil Rules of Practice, 1971 (Kerala)",Civil
4678,"Civil Services (Vigilance Tribunal) Rules, 1960 (Kerala)",Civil
4689,CivilDefenceAct,Civil
4690,CivilProcedureCode,Civil
4754,Code of Civil Proceedure,Civil
4763,CodeofCivilProcedure,Civil
5223,DECLARATION AND INJUNCTION,Civil
5224,DECLARATION AND MANDATORY INJUNCTION,Civil
5361,Declaration Of Title,Civil
5367,Declaration and Mandatory Injuction\,Civil
5369,Declaration and Partition  \,Civil
5374,Declaration and permanent injunction,Civil
5446,"Delhi Rent Control Act,1958",Civil
6565,For Fixation of Boundary & Permanant Prohibitory injunction,Civil
6572,For fixation of boundary & permenant prohibitory injunction,Civil
6574,For fixation of boundary and permanent prohibitory injunction,Civil
6575,For fixation of boundary and permemnant prohibitory injunction,Civil
6576,For fixation of boundary and permenant prohibitory injunction,Civil
6675,Fotr fixation of Boundary & permanent prohibitory injunction,Civil
6677,French Code Civil,Civil
6751,"GUJARAT (BOMBAY) RENTS, HOTEL AND LODGING HOUSE RATES CONTROL ACT, 1947",Civil
7078,H.P. Urban Rent Control Act 1987,Civil
7145,"HP URBAN RENT COTROL ACT, 1987",Civil
7379,"Hyd. House ( Rent, Eviction & Lease ) Controal Act,1954",Civil
7381,"Hyderabad Houses (Rent Eviction and lease) Control Act,1954",Civil
9458,Lease And Rent Control Act 1965,Civil
9459,Lease and Rent Control Act,Civil
9461,LeaseandRentControlAct,Civil
9670,MACT(Execution) CIVIL \,Civil
9719,MARRIED WOMEN'S PROPERTY ACT,Civil
9931,Madras Public Property Malversation Act 1837\,Civil
9942,MadrasCityCivilCourtAct,Civil
9945,MadrasCivilCourtsAct,Civil
10117,Maharashtra Rent Control Act,Civil
10167,Maintenance and Welfare of Parents and Senior Citizens Act,Civil
10496,Mizoram Civil Court Act,Civil
10497,Mizoram Civil Courts Act,Civil
12345,"PARTITION ACT, 1893",Civil
12347,PARTITION AND SEPARATE POSSESSION,Civil
12610,"PREVENTION OF DAMAGE TO PUBLIC PROPERTY ACT, 1984",Civil
12698,"PROTECTION OF CIVIL RIGHTS ACT, 1955",Civil
12813,Partition  \,Civil
12814,Partition Act,Civil
12946,Permanemt Injunction,Civil
13096,Pondicherry Buildings (Lease & Rent Control) Act,Civil
13116,Possession & Perpetual & Mandatory Injuction\,Civil
13120,Possession and permanent Injuction\,Civil
13320,Prevention of Damage to Public Property Act,Civil
13327,Prevention of Defacement of Property Act (Maharashtra),Civil
13427,PreventionofDamagetoPublicPropertyAct,Civil
13753,ProtectionofCivilRightsAct,Civil
14129,RAILWAY PROPERTY (UNLAWFUL POSSESSION) ACT,Civil
14130,"RAILWAY PROPERTY (UNLAWFUL POSSESSION) ACT, 1966",Civil
14264,RAJASTHAN RENT CONTROL ACT,Civil
14267,RAJASTHAN RENT CONTROL ACT. 2001,Civil
14896,Regular Civil Appeal,Civil
14925,Rent Act,Civil
14931,Rent Control Act,Civil
14972,RequisitioningandAcquisitionofImmovablePropertyAct,Civil
16756,"THE PREVENTION OF DAMAGE TO PUBLIC PROPERTY ACT, 1987",Civil
16768,"THE PROTECTION OF CIVIL RIGHTS ACT, 1955",Civil
16782,"THE RAILWAY PROPERTY (UNLAWFUL POSSESSION) ACT, 1966",Civil
16920,TRANSFER OF PROPERTY ACT,Civil
16921,"TRANSFER OF PROPERTY ACT, 1882",Civil
17688,"The Tamil Nadu Buildings (Lease and Rent Control) Act, 1960",Civil
17850,TransferofProperty(Amendment)SupplementaryAct,Civil
17851,TransferofPropertyAct,Civil
18199,U.P. Rent Control Act 1972,Civil
23247,U/s 28 of the Karnataka Civil Courts Act.,Civil
23981,U/s.27 2 Karnataka Rent Act,Civil
24111,U/sec 28 of civil Court act,Civil
24223,U/sec. 28 Civil Courts Act.,Civil
24828,UNDER SECTION 28 OF CIVIL COURT ACT,Civil
24973,US 106 OF THE TRANSFER OF PROPERTY,Civil
25103,Under Civil Procudure Code,Civil
25984,Under Sec. 27of 2 and 31 of 1 a  of Kar. Rent Act 1999,Civil
27285,Uttar Pradesh Cantonments (Control of Rent and Eviction) Repeal Act,Civil
27399,Vacate Possession and Delivery Possession,Civil
27644,West Bengal Defacement of Property Act 1976\,Civil
27710,West Bengal Premises Tenancy Act,Civil
28018,declaration,Civil
28271,partition and Possession,Civil
28282,permanent injunction,Civil
28295,possession  \,Civil
29757,under section 28 of Karnataka Civil Courts Act,Civil
32,....U/o VII Rule 1 Of CPC,Commercial
71,1.Code of Civil Procedure,Commercial
766,21 RULE 11 of CPC,Commercial
768,21 RULE 26 R/W SEC.151 OF CPC.,Commercial
770,21 RULE 43 48 AND 54 OF CPC,Commercial
771,21 RULE 46 A R/W SEC 151 OF CPC,Commercial
775,21 Rule 11 CPC,Commercial
793,21 rule of 11 CPC,Commercial
854,26 AND VII R1 OF CPC,Commercial
861,26 R/w Order 7 Rule 1 of CPC,Commercial
862,26 RULE 13 OF CPC,Commercial
863,26 U/O 7 RULE 1 AND 2 R/2 SEC. 151 CPC,Commercial
866,26 of CPC.,Commercial
868,26 r .w order VII Rule 1 of CPC,Commercial
929,2Code of Civil Procedure,Commercial
1076,32 RULE 1 OF CPC,Commercial
1145,33 RULE 1 OF CPC,Commercial
1611,41 RULE 1 OF CPC,Commercial
1639,420 OF CPC,Commercial
1876,7 RULE 1 AND 2 CPC,Commercial
1883,7 Rule 1 R/W Sec. 26 of CPC,Commercial
1887,7 Rule 1 and 3 cpc,Commercial
1889,7 Rule 1 of CPC read with 26 of CPC,Commercial
1890,7 Rule 1 r/w 26 of CPC,Commercial
1893,7 Rule 3 of CPC,Commercial
1895,7 rule 1  cpc,Commercial
1907,7 rule 1 of CPC,Commercial
1990,80 2 Of CPC,Commercial
2036,9 RULE 9 OF CPC,Commercial
2223,9Code of Civil Procedure,Commercial
2237,A.P Court Fees and Suits Valuation Act. 1956. (A.P. Act VII of 1956).,Commercial
2254,"A.P. COURT-FEES AND SUITS VALUATION ACT, 1956",Commercial
2427,APPLICATION U.S 39 RULE 1 AND 2 OF CPC,Commercial
2821,Appeal Under Order 41 Rule 1 of CPC,Commercial
3287,Bank U/o VII Rule 1 and 2 R/w sec. 26 of 151 cpc,Commercial
3288,Bank U/s sec. 26 R/w order 34 Rule 5 and order VII 151 of CPC,Commercial
4027,CIVIL PROCEDURE CODE,Commercial
4042,CIVIL SUIT,Commercial
4074,"CODE OF CIVIL PROCEDURE, 1908 (HB)",Commercial
4118,"CONTRACT ACT, 1872",Commercial
4121,"CONTRACT LABOUR (REGULATION & ABOLITION) ACT,1970",Commercial
4162,CPC - Code of Civil Procedure,Commercial
4168,CPC Act,Commercial
4648,Civil Procedure,Commercial
4649,Civil Procedure Act,Commercial
4652,Civil Procedure Code Act,Commercial
4653,Civil Procedure Code Act 1908,Commercial
4656,Civil Procedure Code of 24,Commercial
4657,Civil Procedure Code(CPC),Commercial
4660,Civil Procedure Court,Commercial
4744,Code of  Civil Procedure code,Commercial
4910,Contract Act,Commercial
4918,Contract Labour (Regulation and Abolition) Act,Commercial
4919,Contract Labour (Regulation and Abolition) Act 1970,Commercial
4936,Contract Labour Regulations Act\,Commercial
4941,ContractLabour(RegulationandAbolition)Act,Commercial
5001,"Court Fees and Suits Valuation Act, 1959 (Kerala)",Commercial
6672,Forward Contracts (Regulation) Act,Commercial
6674,ForwardContracts(Regulation)Act,Commercial
7383,I A No I U S 80 2 of CPC,Commercial
7384,I A No I U o 39 Rule 1 and  2 CPC,Commercial
7588,INJUNCTION SUIT,Commercial
7758,Indian Contract Act,Commercial
7759,Indian Contract Act 1872,Commercial
7992,IndianContractAct,Commercial
8211,Interpleader Suits  \,Commercial
8704,KERALA COURT FEES AND SUITS VALUVATION ACT 1959,Commercial
9496,Legal Representatives' Suits Act,Commercial
9508,LegalRepresentativesSuitsAct,Commercial
10537,Money Suit,Commercial
10808,NEGOTIABLE INSTRUMENTS ACT,Commercial
11089,O 7 RULE 14  3 CPC,Commercial
11091,O. C. Suit,Commercial
11176,ORDER 20 RULE12  2 OF CPC,Commercial
11186,ORDER 21 RULE 11 OF THE CPC,Commercial
11194,ORDER 21 RULE 22/2 R/W. SEC 151 CPC,Commercial
11234,ORDER 26 RULE 1 CPC,Commercial
11236,ORDER 26 RULE 13 OF CPC,Commercial
11238,ORDER 26 RULE 7 OF CPC,Commercial
11240,ORDER 3 RULE 1 AND 2 OF CPC,Commercial
11243,ORDER 32 RULE 1 AND 2 OF CPC,Commercial
11249,ORDER 34 RULE 2 OF THE CPC,Commercial
11256,ORDER 37 RULE 1 AND 2 OF CPC,Commercial
11258,ORDER 39 RULE 1 OF CPC,Commercial
11289,ORDER 6 RULE 14 OF CPC,Commercial
11298,ORDER 7 RULE 1 AND 2 OF CPC,Commercial
11301,ORDER 7 RULE 1 AND 3 RW 26 CPC,Commercial
11302,ORDER 7 RULE 1 AND 4 OF CPC,Commercial
11303,ORDER 7 RULE 1 CPC,Commercial
11307,ORDER 7 RULE 1 OF CPC,Commercial
11308,ORDER 7 RULE 1 R.W 26 OF CPC,Commercial
11313,ORDER 7 RULE 3 R/W.26 OF CPC,Commercial
11315,ORDER 7 RULE 4 R/W 151 OF CPC,Commercial
11316,ORDER 7 RULE OF 1 CPC,Commercial
11317,ORDER 7 RULE OF 1 OF CPC,Commercial
11318,ORDER 7 RULE OF 10 CPC,Commercial
11339,ORDER 9 RULE 4 OF CPC,Commercial
11349,ORDER IX RULE 9 OF CPC,Commercial
11350,ORDER ON 7 RULE 1 OF CPC,Commercial
11351,ORDER RULE 1 OF CPC,Commercial
11357,ORDER VII RULE 1 TO 4 OF CPC,Commercial
11358,ORDER VII RULE 7 OF CPC,Commercial
11517,Order  32 Rule 1 and 2 CPC,Commercial
11523,Order 1 Rule 10 CPC,Commercial
11524,Order 1 Rule 8 CPC,Commercial
11526,Order 11 Rule 1 CPC,Commercial
11527,Order 11 Rule 14 CPC,Commercial
11528,Order 12 Rule 2 CPC,Commercial
11529,Order 12 Rule 6 CPC,Commercial
11531,Order 13 Rule 1 CPC,Commercial
11532,Order 13 Rule 10 CPC,Commercial
11534,Order 13 Rule 9 CPC,Commercial
11535,Order 14 Rule 5 CPC,Commercial
11537,Order 16 Rule 1 CPC,Commercial
11538,Order 16 Rule 6 CPC,Commercial
11542,Order 18 Rule 17 CPC,Commercial
11563,Order 20 Rule 18 R/w 54 CPC,Commercial
11575,Order 20 Rule 18 of CPC,Commercial
11607,Order 21 Rule 11 CPC,Commercial
11614,Order 21 Rule 11 of CPC,Commercial
11618,Order 21 Rule 11 of the Code of Civil Procedure,Commercial
11684,Order 21.r.11 of CPC,Commercial
11685,Order 22 Rule 10 CPC,Commercial
11688,Order 22 Rule 3 CPC,Commercial
11689,Order 22 Rule 4 CPC,Commercial
11691,Order 22 Rule 9 CPC,Commercial
11692,Order 22 of 2 read with section 151 of  CPC,Commercial
11695,Order 23 Rule 1 CPC,Commercial
11696,Order 23 Rule 3 CPC,Commercial
11699,Order 26  Rule 4A CPC,Commercial
11700,Order 26 Read with Order 7 Rule 1 of CPC,Commercial
11701,Order 26 Rule 10A CPC,Commercial
11702,Order 26 Rule 11 CPC,Commercial
11703,Order 26 Rule 4 CPC,Commercial
11704,Order 26 Rule 7  Rule 1 of  CPC,Commercial
11705,Order 26 Rule 9 CPC,Commercial
11715,Order 32 Rule 1 CPC,Commercial
11719,Order 32 Rule 3 CPC,Commercial
11720,Order 32 Rule 4 CPC,Commercial
11723,Order 32 Rule 7 CPC,Commercial
11734,Order 34 Rule 1 to 5 R W Sec 151 of CPC,Commercial
11743,"Order 34, Rule 1 and 2 R/w Sec. 26 of CPC",Commercial
11744,Order 37 Rule 3 CPC,Commercial
11745,Order 38 Rule 1 CPC,Commercial
11746,Order 38 Rule 5 CPC,Commercial
11747,Order 38 Rule 6 CPC,Commercial
11749,Order 39 R 1 and 2 read with Sec. 94 CIC and 151 of CPC,Commercial
11753,Order 39 Rule 1 and 2  of  CPC,Commercial
11754,Order 39 Rule 1 and 2 CPC,Commercial
11758,Order 39 Rule 1 and 3 CPC,Commercial
11759,Order 39 Rule 2A CPC,Commercial
11760,Order 39 Rule 3 CPC,Commercial
11762,Order 39 Rule 4 CPC,Commercial
11763,Order 39 Rule 7 CPC,Commercial
11767,Order 4 Rule 1 of CPC,Commercial
11768,Order 40 Rule 1 CPC,Commercial
11780,Order 41 Rule 1 CPC,Commercial
11797,Order 41 Rule 1 and Order 21 Rule 103 CPC,Commercial
11815,Order 41 Rule 5 CPC,Commercial
11871,Order 47 Rule 1 And Sec151 of CPC,Commercial
11878,Order 5 Rule 17 CPC,Commercial
11879,Order 5 Rule 20 CPC,Commercial
11881,Order 5 Rule 9A CPC,Commercial
11884,Order 6 Rule 14A CPC,Commercial
11885,Order 6 Rule 17 CPC,Commercial
11888,Order 7 R 1 and 2 CPC,Commercial
11896,Order 7 Rule 1 CPC and Sec 105 and 106 of T and M Marks Act 1958 and Sec 55  56  60 and 62 of CA Act,Commercial
11899,Order 7 Rule 1 R/W Sec 151 CPC,Commercial
11900,Order 7 Rule 1 R/W Section 26 of CPC,Commercial
11904,Order 7 Rule 1 RW Sec 26 CPC,Commercial
11909,Order 7 Rule 1 and 2 CPC,Commercial
11915,Order 7 Rule 1 and 2 of CPC 1908,Commercial
11916,Order 7 Rule 1 and 2 of CPC R/w Sec.151 of CPC,Commercial
11918,Order 7 Rule 1 and 2 r/w 26 of CPC,Commercial
11921,Order 7 Rule 1 and 2 r/w sec 26 CPC,Commercial
11924,Order 7 Rule 1 and 3 CPC,Commercial
11926,Order 7 Rule 1 and 3 R W 26 of CPC,Commercial
11929,Order 7 Rule 1 and 4 Rule 1 of CPC,Commercial
11936,Order 7 Rule 1 r/w sec 151 of CPC,Commercial
11938,Order 7 Rule 1 to 6 of CPC,Commercial
11940,Order 7 Rule 1 to 8 of CPC,Commercial
11943,Order 7 Rule 10 CPC,Commercial
11945,Order 7 Rule 11 CPC,Commercial
11946,Order 7 Rule 14 CPC,Commercial
11948,Order 7 Rule 1and  2 of CPC,Commercial
11949,Order 7 Rule 1and 2 CPC,Commercial
11951,Order 7 Rule 26 CPC,Commercial
11953,Order 7 Rule1 CPC,Commercial
11954,Order 7 Rule1and 2 CPC,Commercial
11955,Order 7 Rule1and 3  CPC,Commercial
11956,Order 7 Rules 1 and 2  of CPC.,Commercial
11958,Order 7 Rules 1 to 6 of CPC,Commercial
11960,Order 7 rule  1 and  3 r/w Sec 26  of CPC,Commercial
11962,Order 7 rule 1 and 2 and sec 26 cpc,Commercial
11969,Order 7 rule of 1 and 2 with 26 of cpc,Commercial
11972,"Order 7, R.1 and 2 R/W Sec.26 of CPC",Commercial
11973,"Order 7, Rules 1 to 8 CPC",Commercial
11975,Order 8 Rule 1 A CPC,Commercial
11977,Order 8 Rule 9 CPC,Commercial
12003,Order 9 Rule 7 CPC,Commercial
12020,Order 9 Rule 9 of CPC,Commercial
12045,Order VII Rule 1 CPC,Commercial
12048,Order VII Rule 1 R/w. Sec. 26 of CPC,Commercial
12050,Order VII Rule 1 and 2 R/w Sec 26 CPC,Commercial
12051,Order VII Rule 1 and 2 of CPC,Commercial
12052,Order VII Rule 1 and 3 Of CPC,Commercial
12054,Order VII Rule 1 of CPC,Commercial
12056,Order VII Rule 1 read with Sec 26 of CPC,Commercial
12059,Order VII Rule I of CPC,Commercial
12060,Order VII Rules 1 and 2 CPC,Commercial
12062,Order VII rule 151 of CPC,Commercial
12096,Order. 41 Rule 1 of CPC,Commercial
12099,Order7 Rule 1 of CPC,Commercial
12485,PLAINT FILED UNDER ORDER 23 RULE 3 A AND VII RULE 1 AND 2 OF CPC,Commercial
12489,PLAINT U/O. VII RULE 1 AND 2 OF CPC,Commercial
12983,Petition U/o 21 Rule 11 of CPC,Commercial
13035,Plaint UO VIII R 1 of CPC,Commercial
13036,Plaint under order VII Rule 3 of CPC,Commercial
13118,Possession and Recovery of Rent/Damages/Mesne profit\,Commercial
13873,PublicSuitsValidationAct,Commercial
14104,R/W 151 OF CPC,Commercial
14110,R/W SEC 26 OF CPC,Commercial
14286,"RECOVERY OF DEBTS DUE TO BANKS AND FINANCIAL INSTITUTIONS ACT, 1993",Commercial
14827,Recovery and Mesne Profit  \,Commercial
14832,Recovery of Debts Due to Banks and Financial Institutions  Act,Commercial
14834,Recovery of Khas possession,Commercial
14839,Recovery of Money  \,Commercial
14841,Recovery of Possession,Commercial
14843,Recovery of Possession and for damages,Commercial
14848,Recovery of surity amount,Commercial
14849,RecoveryofDebtsDuetoBanksandFinancialInstitutionsAct,Commercial
14937,Rent Recovery Act,Commercial
14943,RentRecoveryAct,Commercial
14999,Revenue Recovery Act,Commercial
15001,"Revenue Recovery Act, 1968 (Kerala)",Commercial
15232,SEC 26 ORDER 4 RULE 1 AND ORDER 7 RULE 1 OF CPC,Commercial
15233,SEC 26 ORDER 7 RULE 1 AND 2 OF CPC,Commercial
15238,"SEC 27, 28 OF THE TRADE MARKS ACT, 1999 R/W. ORDER 39 CPC",Commercial
15281,SEC 94 AND 151 OF CPC,Commercial
15295,SEC. 26 R/W 7 RULE 1 AND 2 CPC.,Commercial
15311,SEC.26 ORDER 7 RULE 1 OF CPC,Commercial
15356,SECTION 151 CPC,Commercial
15388,SECTION 96 OF CPC,Commercial
15649,Sec 26 Order 7 Rule 1 and 3 CPC,Commercial
15651,Sec 26 Order 7 Rule 1 of CPC 1908,Commercial
15741,Sec 80 2 CPC,Commercial
15772,Sec of CPC,Commercial
15830,Sec. 26 Order 7 Rule 1 and 2 CPC,Commercial
15833,Sec. 26 of CPC.,Commercial
15862,Sec. 5 of Limitation Act R/w. 151 of CPC,Commercial
15892,"Sec., 151 of CPC",Commercial
15998,Sec10 of CPC,Commercial
16008,Sec151 CPC,Commercial
16009,Sec152 CPC,Commercial
16031,Sec802 CPC,Commercial
16033,Sec91 CPC,Commercial
16084,Section 26 Order 7 Rule 1 and 2 CPC,Commercial
16089,Section 26 r/w order 7 Rule 1 of CPC,Commercial
16128,Section 9 of Civil Procedure Code,Commercial
16150,SecuritiesContracts(Regulation)Act,Commercial
16369,Specific performance of Contracts\,Commercial
16497,Suit For Declaration  \,Commercial
16509,Suit for Eviction,Commercial
16514,Suit for Money and Damages,Commercial
16516,Suit for Realisation,Commercial
16517,Suit for Recovery,Commercial
16523,Suit for money,Commercial
16527,Suit is dismissed for non prosecution,Commercial
16529,Suits Valuation Act,Commercial
16531,"Suits Valuation Act, 1977 (1920 A.D)",Commercial
16533,Suits for recovery and Damages\,Commercial
16534,SuitsValuationAct,Commercial
16626,THE CODE OF CIVIL PROCEDURE,Commercial
16627,THE CODE OF CIVIL PROCEDURE1908,Commercial
16941,Tamil Nadu Court Fees and Suit Valuation Act,Commercial
17341,The Indian Contract Act 1872,Commercial
17931,U O 7 Rule 1 R W Sec 26 and Sec 34 of CPC.,Commercial
17936,U Order 21 Rule 11 of CPC,Commercial
17941,U Order 32 Rule 7 R/w Sec 151 CPC,Commercial
17947,U Order 41 Rule 1 CPC,Commercial
17952,"U Order 5 Rule 20,1, CPC",Commercial
17953,U Order 7 Rule 1 and 2 CPC,Commercial
17954,U Order 7 Rule Of 1 and 2 CPC,Commercial
18071,U Sec. 26 R W Order VII Rule 1 of CPC 1908,Commercial
18075,U Section 26 Read With O VII R 1 of CPC,Commercial
18287,U.Sec.26 r/w.O.7 R 1 and 2 and order 34 of CPC,Commercial
18357,U/ Order VII Rule 1 Of CPC,Commercial
18377,U/0 37 OF CPC,Commercial
18379,U/0 7 RULE R/W 26 CPC,Commercial
18380,U/0 7 Rule 1 of CPC,Commercial
18429,U/O 20 RULE 18 OF CPC,Commercial
18490,U/O 21 RULE 30 OF CPC,Commercial
18507,U/O 21 RULE 37 TO40 CPC,Commercial
18543,U/O 21 Rule 2 of CPC,Commercial
18590,U/O 26 RULE 13 OF CPC,Commercial
18594,U/O 26 RULE 9 OF CPC,Commercial
18613,U/O 32 RULE 1 OF CPC,Commercial
18615,U/O 32 RULE 3 OF CPC,Commercial
18631,U/O 34 RULE 3 AND 5 OF CPC,Commercial
18637,U/O 34 RULE 8 OF CPC,Commercial
18663,U/O 39 RULE 1 AND 2 R/W SEC 151 OF CPC,Commercial
18687,U/O 4 Rule 1 of CPC,Commercial
18754,U/O 41 Rule 1 and 2 of CPC,Commercial
18774,U/O 41 of CPC,Commercial
18789,U/O 43 RULE 1 OF CPC,Commercial
18832,U/O 47 R/W Sec 1  of CPC,Commercial
18846,U/O 47 RULE 1 READ WITH SECTION 151 OF THE CODE OF CIVIL PROCEDURE.,Commercial
18850,U/O 47 RULES 1 SUB RULE B AND 2 R/W SEC 151 OF CPC,Commercial
18869,U/O 6 RULE OF CPC,Commercial
18873,U/O 7 R 1 AND 2 RW 26 CPC,Commercial
18874,U/O 7 R 1 RW 26 CPC,Commercial
18876,U/O 7 RULE  1 R/W  SEC 26 AND 34 CPC,Commercial
18879,U/O 7 RULE 1 AND 2 AND R/W SEC 26 OF CPC,Commercial
18883,U/O 7 RULE 1 AND 2 OF CPC,Commercial
18885,U/O 7 RULE 1 AND 2 R/W SEC 26 AND 151 OF CPC,Commercial
18888,"U/O 7 RULE 1 AND ORDER 34 RULES 1, 4, 5, 6, AND SECTION 26 CPC",Commercial
18889,U/O 7 RULE 1 And 2 Section 26 of CPC,Commercial
18900,U/O 7 RULE 1 R/W SECTION 26 OF CPC,Commercial
18905,U/O 7 RULE 1 and 2 of CPC R/W Section 26 of CPC,Commercial
18907,"U/O 7 RULE 1, 2 OF CPC",Commercial
18908,U/O 7 RULE 14 of CPC.,Commercial
18909,U/O 7 RULE 1CPC,Commercial
18917,U/O 7 Rule 1 R/W Sec 26 0f CPC,Commercial
18918,U/O 7 Rule 1 R/W Sec 26 of CPC.,Commercial
18924,U/O 7 Rule 1 and 2 R/W 26 of CPC,Commercial
18926,U/O 7 Rule 1 and 2 R/W Section 151 of CPC,Commercial
18928,U/O 7 Rule 1 and 2 R/w Sec.26 and 33 of CPC,Commercial
18931,U/O 7 Rule 1 and 2 of C.P.C. R/w. Sec. 26 of CPC,Commercial
18932,U/O 7 Rule 1 and 3 CPC,Commercial
18933,U/O 7 Rule 1 and 3 R/W 26 of CPC,Commercial
18939,U/O 7 Rule 1 of CPC U/S 26 of CPC,Commercial
18942,U/O 7 Rule 1and 2 R/W Section 26 of CPC,Commercial
18943,U/O 7 Rule 8 R/W 151 of CPC,Commercial
18945,U/O 7 of CPC,Commercial
18946,U/O 7 rule 1 CPC R/W Order 34 Rule 2,Commercial
18955,U/O 7Rule 1 and 3 CPC,Commercial
18961,U/O 9  RULE 9 CPC,Commercial
18963,U/O 9  Rule 13 R/W 151 of CPC,Commercial
18975,U/O 9 RULE 13 OF CPC,Commercial
18976,U/O 9 RULE 13 OF THE CPC,Commercial
18982,U/O 9 RULE 4 AND 7 OF THE  CPC,Commercial
19010,U/O 9 RULE 9 OF CPC,Commercial
19072,U/O IX RULE 9 OF CPC,Commercial
19098,U/O V RULE 20 OF CPC,Commercial
19105,U/O VII RULE  1 AND  2 OF THE CPC,Commercial
19107,U/O VII RULE 1 AND 2  R/W 151 CPC,Commercial
19112,U/O VII RULE 1 AND 2 OF CPC,Commercial
19113,U/O VII RULE 1 AND 2 R/W 151 OF CPC,Commercial
19114,U/O VII RULE 1 AND 2 R/W SEC 26 OF CPC,Commercial
19115,U/O VII RULE 1 AND 3 R/W SEC. 26 OF CPC,Commercial
19121,U/O VII RULE 1 OF CPC AND MUSLIM DISSOLUTION OF MARIAGE ACT SEC.11 R/W SEC.307(3) OF MOHAMMADDEN LAW,Commercial
19125,U/O VII RULE 1 R/W SEC. 151 OF CPC,Commercial
19130,U/O VII RULE 1 TO 3 OF CPC,Commercial
19139,U/O VII Rule 1 R/W Section 26 of CPC,Commercial
19140,U/O VII Rule 1 and 2 R/W Sec. 26 of 151 CPC,Commercial
19142,U/O VII Rule 1 and 2 Read with Sec. 26 of 151 of CPC,Commercial
19154,U/O VIII RULE 1 OF CPC,Commercial
19166,U/O XLI Rule 5 of CPC,Commercial
19168,U/O XLIII RULE 1 OF CPC,Commercial
19182,U/O XVI RULE 1 AND 6 OF CPC,Commercial
19216,U/O XXI RULE II OF CPC,Commercial
19237,U/O XXXIV Rule 7 of CPC,Commercial
19239,U/O XXXIX RULE 1 AND 2 R/W SEC 151 OF THE CPC,Commercial
19244,U/O XXXVIII RULE 1 AND 2 CPC,Commercial
19257,U/O. 21 RULE 11 OF CPC,Commercial
19269,U/O. 37 OF CPC 1908,Commercial
19288,U/O. 6 Rule 14 A of CPC,Commercial
19302,U/O. VII RULE 1 AND 3 of CPC,Commercial
19353,U/O.34 rule 1 TO 5 of CPC,Commercial
19362,U/O.7 Rule 1 and 2 r/w sec.26 of CPC,Commercial
19363,U/O.8 RULE 1 AND 2 OF CPC,Commercial
19389,U/Order  34 Rule 1 and 2 of CPC,Commercial
19392,U/Order 1 Rule 10 CPC,Commercial
19406,U/Order 22 Rule 3 CPC,Commercial
19411,U/Order 39 Rule 1 and 2 CPC,Commercial
19428,U/Order 7 Rule 1 and 3 of CPC,Commercial
19430,U/Order 7 Rule 10 CPC,Commercial
19432,"U/Order 7, Rule 1 and Sec.9 of CPC",Commercial
19433,U/Order 8 Rule 1 A CPC,Commercial
19436,U/Order 9 Rule 7 CPC,Commercial
19446,U/Order VII Rule 1 of CPC R/w Sec.26 of CPC,Commercial
19503,"U/S  order 7 Rule,1 and 3 of CPC",Commercial
19937,U/S 148(A) OF CPC,Commercial
19964,U/S 151 CPC R/W Rule 9 CRP,Commercial
20200,U/S 26 1 and order 7 rule 1 of CPC,Commercial
20203,U/S 26 AND 33 R/W ORDER VII RULE 1 OF THE CPC,Commercial
20205,U/S 26 AND ORDER 7 RULE 1 OF CPC,Commercial
20207,U/S 26 AND ORDER VII RULE 1 AND 2 AND ORDER 34 OF CPC,Commercial
20210,U/S 26 CPC R/W Order VII Rule 1 CPC,Commercial
20211,U/S 26 OF CPC,Commercial
20214,U/S 26 ORDER 7 RULE 1 OF CPC,Commercial
20216,U/S 26 Order VII Rule 1 of CPC,Commercial
20217,U/S 26 R/W 7 RULE 1 OF CPC,Commercial
20224,U/S 26 R/W ORDER VII RULE 1 OF CPC,Commercial
20229,U/S 26 R/W Order VII Rule 1 of the CPC,Commercial
20230,U/S 26 R/W U/O VII Rule 1 to 3 of CPC,Commercial
20235,U/S 26 READ WITH  7 RULE 1 OF CPC,Commercial
20236,U/S 26 RULE 13 CPC,Commercial
20237,U/S 26 Read with Order 7 Rule 1 of the CPC,Commercial
20240,U/S 26 and Order 7 Rule 1 of the  CPC,Commercial
20242,"U/S 26 and U/O VII Rule 1,2 and 3 of CPC",Commercial
20244,U/S 26 and order VII Rule 1 of CPC,Commercial
20249,U/S 263 OF THE INDIAN SUCCESSION ACT R/W SEC 151 OF CPC,Commercial
20854,U/S 7 RULE 1 of CPC,Commercial
20935,U/S 80 OF 2 CPC,Commercial
20986,"U/S 9, 26 R/W ORDER 7 RULE 1 OF CPC",Commercial
21053,U/S 96 OF CPC,Commercial
21187,U/S. 7 Rule 1 and 2 of CPC,Commercial
21196,U/S. 92 OF CPC,Commercial
21324,"U/SEC. 26 , R/W ORDER 7 RULE 1 OF CPC",Commercial
21327,U/SEC. 26 ORDER 7 RULE 1 CPC,Commercial
21354,U/SEC.7 RULE 1 OF CPC R/W SEC. 26 OF CPC,Commercial
21357,U/SEC.92 OF CPC,Commercial
21361,U/Sce. 92 1 f and h of CPC,Commercial
21381,U/Sec 114 of CPC,Commercial
21416,U/Sec 151 CPC,Commercial
21465,U/Sec 26 Order 4 R.1 and Order 7 Rule 1 and 2 of CPC,Commercial
21471,U/Sec 26 R/W U/O VII Rule 1 to 3 of CPC,Commercial
21473,U/Sec 26 and 33 R/W order 7 Rule 1 of CPC,Commercial
21474,U/Sec 26 and Order 7 Rule 1 and 2 CPC,Commercial
21537,U/Sec 7 Rule 1 and 2 of CPC,Commercial
21572,U/Sec 92 R/w Order 7 rule 1 of CPC,Commercial
21701,U/Sec. 26 1 Order 7 Rule 1 r/w 151 of CPC,Commercial
21706,U/Sec. 26 and U/Order 7 Rule 1 of CPC,Commercial
21707,U/Sec. 26 r/w Order VII Rules 1 and 3 of CPC,Commercial
21795,U/Sec. 482 A and Sec. 80 of CPC,Commercial
21840,U/Sec. 9 of CPC,Commercial
21936,U/Sec.26 R/w Order VII Rule 1 and 2 of CPC,Commercial
21937,"U/Sec.26, Order VII, Rule 1 of CPC",Commercial
22005,U/Sec.96 Rule 1 CPC,Commercial
22024,U/o  7 Rule 1 R/W 26 of CPC,Commercial
22170,U/o 26 Order 7 Rule 1 and 3 of CPC,Commercial
22174,U/o 26 Rule 13 r/w 54 CPC,Commercial
22179,U/o 26 rule 1  2 and 2 R/w 151 of CPC,Commercial
22193,U/o 33 Rule 1 of CPC,Commercial
22194,U/o 34 RULE 5 OF CPC,Commercial
22200,U/o 34 Rule 7 of CPC,Commercial
22205,U/o 37 R 1 and 2 R/w. Sec.26 CPC,Commercial
22207,U/o 37 Rule 7 CPC,Commercial
22220,U/o 39 Rule 1 of CPC,Commercial
22225,U/o 39 Rule 3 of CPC,Commercial
22230,"U/o 4 R 1 and U/o 7 R 1, R/w Sec 26 of CPC",Commercial
22231,U/o 4 Rule 1 and Order 7 Rule 1 R/w Sec.26 of CPC,Commercial
22245,U/o 41 Rule 1 CPC,Commercial
22267,U/o 41 Rule 1 of CPC,Commercial
22380,"U/o 5 Rule 20   1,  A,   of CPC",Commercial
22390,U/o 7 R 1 and 3 of CPC,Commercial
22394,U/o 7 Ruel 1 and 2 CPC,Commercial
22398,U/o 7 Rule (3) of CPC,Commercial
22399,U/o 7 Rule 1 CPC,Commercial
22405,"U/o 7 Rule 1 R/w Sec., 151 of CPC",Commercial
22408,U/o 7 Rule 1 and 2 CPC,Commercial
22415,"U/o 7 Rule 1 and 2 R/w Sec., 151 of CPC",Commercial
22418,U/o 7 Rule 1 and 2 of CPC R/w 151 of CPC,Commercial
22421,"U/o 7 Rule 1 and 3 R/w Sec., 151 of CPC",Commercial
22422,U/o 7 Rule 1 and 3 R/w sec 26 and 92 CPC,Commercial
22423,U/o 7 Rule 1 and 3 of CPC,Commercial
22428,U/o 7 Rule 1 of CPC,Commercial
22434,"U/o 7 Rule 1,2 and 3 of CPC",Commercial
22437,U/o 7 Rule 2 of CPC,Commercial
22445,U/o 7 rule 1 and 2  R/w Section 26 of CPC,Commercial
22547,U/o VII RULE 1 AND SECTION 26 OF CPC,Commercial
22550,U/o VII Ruel 1 R/w Sec. 26 of CPC,Commercial
22561,U/o VII Rule 1 and 2 r/w Sec.26 CPC,Commercial
22568,U/o VII Rule of 1 and 2 of CPC.,Commercial
22572,U/o VII rule 1 and 2 CPC,Commercial
22575,U/o VII rule 1 and 3 CPC,Commercial
22579,U/o VII rule 1 read with section 26 of the code of civil procedure,Commercial
22580,U/o VIII Rule 1 and II of cpc,Commercial
22635,U/o XXXII rule 1 of CPC,Commercial
22645,U/o XXXVII Rule 1 and 2 of CPC,Commercial
22660,U/o. 21 R 22 R/w. Sec. 151 of CPC,Commercial
22716,U/o.41 Rule 1 and 2 CPC,Commercial
23181,U/s 26 Order 4 Rule 1 and U/o 7 Rule 1 of CPC,Commercial
23186,U/s 26 R/W Order 34 Rule 5 and Order VII 151 of CPC,Commercial
23188,U/s 26 R/W order 7 rule 1 of CPC,Commercial
23192,U/s 26 R/w order 8 rule 1 CPC,Commercial
23197,U/s 26 of CPC R/W Order VII Rule 1 of C.P.C,Commercial
23201,U/s 26 r/w u/o VII rule 1 and 2 of CPC,Commercial
23202,U/s 26 rule 7 of CPC,Commercial
23203,"U/s 26, Order 4 R 1, Order 34 R 1 of CPC and U/o 7 R 1 of CPC",Commercial
23425,U/s 6 Rule 1 of CPC,Commercial
23436,U/s 7 Rule 1 and 3 R/W Sec 151 of cpc,Commercial
23474,U/s 80 (2) of CPC,Commercial
23564,U/s 96 Order 43 Rule 4 (r) of CPC,Commercial
23978,U/s.26 R/w. O.VII R.1 of CPC.1908,Commercial
24037,"U/s26, R/w Order VII Rule 1 and Order XXXIV of CPC",Commercial
24076,U/sec 151 of cpc,Commercial
24106,U/sec 26 and 7 rule 1 r/w sec 151 CPC,Commercial
24107,U/sec 26 r/w order VII rule 1 of CPC,Commercial
24443,UNDER ORDER 34 RULE 5 CPC,Commercial
24449,UNDER ORDER 39 RULE 1 AND 2 OF CPC,Commercial
24453,UNDER ORDER 39 RULE 3 CPC,Commercial
24517,UNDER ORDER 7 RULE 1 AND 2 READ WITH SEC 26 OF CPC,Commercial
24522,UNDER ORDER 7 RULE 1 AND 3 READ WITH SEC.26 OF CPC,Commercial
24528,UNDER ORDER 7 RULE 1 OF CPC,Commercial
24529,UNDER ORDER 7 RULE 1 R.W 34 CL 2 OF CPC,Commercial
24530,UNDER ORDER 7 RULE 1 R/W ORDER 34 RULE 1 AND 2 OF CPC,Commercial
24533,UNDER ORDER 7 RULE 1 R/W U/S 26 OF CPC,Commercial
24536,UNDER ORDER 7 RULE 1 READ WITH SEC.26 CPC,Commercial
24537,UNDER ORDER 7 RULE 1 and 3 CPC,Commercial
24539,UNDER ORDER 7 RULE 4 OF CPC,Commercial
24541,UNDER ORDER 7 RULES 1 AND 2 OF CPC,Commercial
24552,UNDER ORDER 9 RULE 4 OF CPC,Commercial
24576,UNDER ORDER RULE 1 AND 2 READ WITH SEC 151 OF CPC,Commercial
24579,UNDER ORDER VII RULE 1 AND 3 OF CPC,Commercial
24580,UNDER ORDER VII RULE 1 OF CPC,Commercial
24582,UNDER ORDER VII RULE 1 R/w 151 of CPC,Commercial
24584,UNDER ORDER VII RULE I READ WITH 34 RULE 1 OF CPC,Commercial
24586,UNDER ORDER VILL RULE 1 R/W SECTION 26 OF CPC,Commercial
24606,UNDER ORDER XXXIV RULE 1 R/W SEC. 26 OF CPC,Commercial
24749,UNDER SECTION 151 OF CPC,Commercial
24786,UNDER SECTION 26 AND ORDER 7 RULE 2 OF THE CPC,Commercial
24787,UNDER SECTION 26 AND UNDER ORDER VII RULE 1 AND 2 OF CPC,Commercial
24788,UNDER SECTION 26 CPC R/W ORDER 7 RULE 1 CPC,Commercial
24791,UNDER SECTION 26 ORDER 7 RULE 1 AND 2 OF CPC,Commercial
24793,UNDER SECTION 26 R/W ORDER 7 RULE 1 CPC,Commercial
24794,"UNDER SECTION 26 R/W U/O 7 RULE 1,2 AND 3 OF CPC",Commercial
24887,UNDER SECTION 7 RULE 1 R/W SECTION 26 OF CPC,Commercial
24906,"UNDER SECTION 9,26 R/W ORDER 7 RULE OF CPC",Commercial
24925,UNDER SECTION VII RULE 1 AND 2 OF CPC,Commercial
24926,UNDER SECTION.26.UNDER ORDER 7 RULE 1 OF CPC,Commercial
25065,Under  Order VII Rules 1 and 2 CPC,Commercial
25179,Under Oder 41 Rule 27 R/W section 151 of CPC,Commercial
25198,Under Order 1 Rule 10 CPC,Commercial
25199,Under Order 1 Rule 8 CPC,Commercial
25200,Under Order 11 Rule 1 CPC,Commercial
25201,Under Order 11 Rule 14 CPC,Commercial
25203,Under Order 12 Rule 2 CPC,Commercial
25204,Under Order 12 Rule 6 CPC,Commercial
25205,Under Order 13 Rule 1 CPC,Commercial
25209,Under Order 14 Rule 5 CPC,Commercial
25210,Under Order 16 Rule 1 CPC,Commercial
25260,Under Order 21 Rule 2 of CPC,Commercial
25301,Under Order 22 Rule 10 CPC,Commercial
25312,Under Order 26 Rule 13 R/W Section 54 of CPC,Commercial
25316,Under Order 26 and Under Order 7 Rule 1 of CPC.,Commercial
25317,Under Order 26 rule 1 and 2 of CPC,Commercial
25319,Under Order 26 rule 7 r/w sec.1 cpc,Commercial
25333,Under Order 34 Rule 1 and 2 Read With Section 26 of the CPC,Commercial
25344,Under Order 34 and Rule 7 read with Sec 26 of CPC,Commercial
25354,Under Order 39 Rule 1 and 2 CPC,Commercial
25357,Under Order 39 Rule 1 and 3 of  CPC,Commercial
25358,Under Order 39 Rule 1 of CPC,Commercial
25366,Under Order 4 Rule 1 and 2 R/W Section 26 of CPC.,Commercial
25368,Under Order 4 Rule 1 and Under Order 7 Rule 1 R/w Sec. 26 of CPC,Commercial
25419,Under Order 41 Rule 5 read with Sec 151 of CPC,Commercial
25494,Under Order 7 Rule 1 2 and 3 CPC,Commercial
25497,Under Order 7 Rule 1 R/w Sec . 26 of CPC,Commercial
25501,Under Order 7 Rule 1 Sec.26 of CPC,Commercial
25503,Under Order 7 Rule 1 and 2 R/W Sec 151 CPC,Commercial
25504,Under Order 7 Rule 1 and 2 R/w 26 of CPC,Commercial
25508,Under Order 7 Rule 1 and 2 of CPC,Commercial
25511,Under Order 7 Rule 1 and 2 read with Order 34 CPC,Commercial
25514,Under Order 7 Rule 1 and 2 read with sec 151 of CPC,Commercial
25518,Under Order 7 Rule 1 and 3 of CPC,Commercial
25525,Under Order 7 Rule 1 read with Sec 26 of CPC,Commercial
25526,Under Order 7 Rule 1 read with Sec 26 of CPC and read with sec 281 of mohamadain law,Commercial
25528,Under Order 7 Rule 1 read with section 26 of CPC,Commercial
25530,Under Order 7 Rule 14 Clause 2 of CPC,Commercial
25536,Under Order 7 rule 1 And 2 Rw sec 26 of CPC,Commercial
25537,Under Order 7 rule 1 CPC,Commercial
25539,Under Order 7 rule 1 Read with 26 of cpc,Commercial
25540,Under Order 7 rule 1 and 2 CPC,Commercial
25544,Under Order 7 rule 1 and 2 r/w sec 151 of cpc,Commercial
25545,Under Order 7 rule 1 and 2 r/w sec 26 of cpc,Commercial
25546,Under Order 7 rule 1 and 2 u/s  26 read with sec 151 of cpc,Commercial
25547,Under Order 7 rule 1 and 2. readwith 151cpc,Commercial
25552,Under Order 7 rule R/w Section 26 and 34 of CPC,Commercial
25553,Under Order 7 rule of 1 CPC,Commercial
25558,Under Order 8 Rule 1 A CPC,Commercial
25595,Under Order IV of CPC,Commercial
25618,Under Order V Rule 20 Read with Sec 151 of CPC,Commercial
25622,Under Order VII Rule 1 Read with Sec 26 of CPC,Commercial
25623,Under Order VII Rule 1 and 2 CPC,Commercial
25625,Under Order VII Rule 1 and 2 Read with Sec 26 CPC,Commercial
25626,Under Order VII Rule 1 and 2 of CPC,Commercial
25632,Under Order VII Rule 1 read with Sec 151 of CPC,Commercial
25633,Under Order VII Rules 1 and 3 of CPC,Commercial
25656,Under Order XLIII Rule1(r) and Section 104 of CPC,Commercial
25688,Under Order XXXIX Rule 1 and 2 R/W Sec.151 Of CPC,Commercial
25804,Under Sec 151 of CPC,Commercial
25825,Under Sec 21 rule 11 of CPC,Commercial
25837,Under Sec 26 Order 4 Rule 1 and Order 7 Rule 1 of CPC,Commercial
25838,Under Sec 26 Order 7 R/w 1 and 2 CPC 1908,Commercial
25839,Under Sec 26 Order 7 Rule 1 and 2 CPC,Commercial
25840,Under Sec 26 Order IV Rule 1 and Order VII Rule 1 of CPC,Commercial
25871,Under Sec 54   64  to  66 read with Sec 151 of CPC,Commercial
25919,Under Sec VII Rule 1 and 2  read with Sec 26 of CPC,Commercial
26083,Under Section  151 CPC,Commercial
26398,Under Section 26  Order 4 Rule 1 and Order 7 Rule 1 of  CPC,Commercial
26401,Under Section 26 Order VII Rule 1 and 2 CPC,Commercial
26404,Under Section 26 Order VII Rule I of CPC,Commercial
26406,Under Section 26 R/W Order VII Rule  1 of CPC,Commercial
26413,Under Section 26 Read With Under Order 7 Rule 1 of CPC,Commercial
26415,Under Section 26 and Order 7 Rule 1 and 2 of CPC,Commercial
26417,Under Section 26 and Order VII Rule I of CPC,Commercial
26419,Under Section 26 and Under Order 7 Rule 1  of CPC,Commercial
26426,"Under Section 26, Order 4  Rule 1 and 2 Under Order 7 Rule 1 and 3 of CPC",Commercial
26452,Under Section 28 of Civil court act section 26 order 7 rule 1 of CPC,Commercial
26493,Under Section 33 RULE 13 Read with Sec 54 OF CPC,Commercial
26565,Under Section 54 of CPC,Commercial
26643,Under Section 94 e r/w 151 CPC,Commercial
26797,Under order 21 Rule 2 CPC,Commercial
26833,Under order 34 Rule 1 to 5 of CPC,Commercial
26839,Under order 39 Rule 1 and 2 read with Sec 151 of CPC,Commercial
26844,Under order 39 rule  1 and 2 r/w sec 151 of CPC,Commercial
26855,Under order 41 Rule 5 R/w 151 of CPC,Commercial
26862,Under order 41 rule 3A readwith 151 of CPC and under sec 5 of limitation Act,Commercial
26869,Under order 43 rule 1  readwith sec 151 of CPC,Commercial
26881,Under order 7 Rule 1 and 2 CPC Rw Sec 26 CPC,Commercial
26882,Under order 7 Rule 1 and 2 R W 151 of CPC,Commercial
26883,Under order 7 Rule 1 and 2 R W Section 26 of CPC,Commercial
26889,Under order 7 Rule 1 r/wsec 26 of CPC,Commercial
26890,Under order 7 of CPC,Commercial
26891,Under order 7 rule 1 and 1 and 2 of cpc,Commercial
26901,Under order 7 rule 1 and 3 R W sec 91 of cpc,Commercial
26905,Under order 7 rule 1 r/w sec. 26 CPC,Commercial
26906,"Under order 7 rule 1, 2 and 3 of CPC",Commercial
26907,Under order 7 rule 2 of cpc,Commercial
26962,Under se. 80 clause of  2  of cpc.,Commercial
26996,Under sec 24 of contract labour act  rules 1971,Commercial
26999,Under sec 26 readwith order VII rule of CPC,Commercial
27006,Under sec 5  of the Limitation Act read with Sec 151 of CPC,Commercial
27014,Under sec 80 2 of CPC,Commercial
27112,Under section 26 Order 7 Rule 1 of CPC,Commercial
27113,Under section 26 Order 7 Rule 1 to 6 of CPC,Commercial
27115,Under section 26 R/W Order VII Rule 1 of  the CPC,Commercial
27121,Under section 26 order VII rule 1 and 2 of CPC,Commercial
27194,Undert Order 41 Rule 1 and 2 CPC,Commercial
27379,VI Rule 14A OF CPC,Commercial
27383,VII RULE I CPC,Commercial
27387,VII Rule 1 and 2. Sec. 26 of CPC,Commercial
27389,VII Rule 1 cpc,Commercial
27391,VII Rule 1 of CPC,Commercial
27394,"VII Rule 1,3,4,5 and 7 R/w. 26 of CPC",Commercial
27397,VII Rule I R/W Sec of 26 of CPC,Commercial
27398,VII rule 1 and 2 of CPC,Commercial
27886,XXXIX RULE 1 AND 2 R/W Sec.151 OF CPC,Commercial
27931,appeal u.o 43 rule 1.r. of cpc,Commercial
28211,"order 34 rule 2,4 and 5 read with section 151 of CPC",Commercial
28216,order 39 rule 1 and 2 r/w Sec.151 of CPC,Commercial
28217,order 39 rule 1 and 2 r/w sec 151 cpc,Commercial
28232,order 7 rule 1 R/W Sec 26 of CPC,Commercial
28237,order 7 rule 1 and 2 r/w sec. 26 of CPC.,Commercial
28240,order 7 rule 1 and 3 of CPC,Commercial
28243,"order 7 rule 1,2,3 of CPC",Commercial
28244,order 7rule 1and2 of CPC,Commercial
28245,order 7rule 3 of CPC,Commercial
28255,order VII Rule 1 and 2 R/w section 26 CPC,Commercial
28256,order vII  rule 1 and 3 read with section 26 of CPC,Commercial
28257,order4 rule 1 and Under Order 7 R/w Sec.26 OF CPC,Commercial
28393,sec 26 Order 7 Rule 1 CPC,Commercial
28394,sec 26 and order 7 Rule 1 of CPC,Commercial
28464,u s 26 and Order 7 and Order 34 of CPC,Commercial
28477,u sec 7 Rule 1 CPC,Commercial
28507,u/Sec. 26 of CPC,Commercial
28528,u/o 07 Rule 01 of CPC,Commercial
28541,"u/o 21 rule 37,38 of cpc",Commercial
28549,u/o 32 rule 1 and 2 of cpc,Commercial
28554,u/o 34 rule 2 of the CPC 1908,Commercial
28557,u/o 39 rule 1 and 2 r/w 151 of cpc,Commercial
28588,u/o 7 rule 1 of CPC r/w 26,Commercial
28589,u/o 7 rule 1 read with sec 26 of CPC 1908,Commercial
28596,u/o 9 rule 4 of cpc,Commercial
28606,u/o VII rule 1 of the cpc,Commercial
28810,u/s 26 R/W order 7 Rule 1 of CPC 1908,Commercial
28812,"u/s 26 and order VII and order 34 of CPC,1908",Commercial
28813,u/s 26 and order VII rule 1 cpc,Commercial
28814,u/s 26 oder VII Rule 1 of CPC,Commercial
28816,u/s 26 order 7 rule 1 cpc,Commercial
28822,u/s 26 r/w order 7 rule 10 of CPC,Commercial
28922,"u/s 9,26 r/w order VII rule 1 of CPC",Commercial
28943,u/s VII Rule 1 CPC,Commercial
28946,u/s VII Rule of 1 and 2 CPC,Commercial
29026,u/sec 26 and order VII Rule 1 CPC,Commercial
29450,uNDER ORDER 21 RULE 11 OF THE CPC,Commercial
29522,under order 21 rule 11 of CPC,Commercial
29546,under order 38  rule 8 R/w sec 151 of CPC,Commercial
29557,under order 41 Rule 1 of CPC,Commercial
29561,under order 41 rule 1 and 2 redwith section 151 of CPC,Commercial
29564,under order 41 rule 1 r/w 96 cpc,Commercial
29579,under order 7 rul1 1 and 2 readwith section 26 of CPC,Commercial
29582,under order 7 rule 1  readwith section 26  of CPC,Commercial
29584,under order 7 rule 1 and 2 readwith section 26  of CPC,Commercial
29585,under order 7 rule 1 and 2 redwith section 151 CPC,Commercial
29587,under order 7 rule 1 read with section 26 CPC,Commercial
29644,under sec 26 r/w order VII rule 1 of CPC,Commercial
29661,under sec. 7 rule 1 and 2 of CPC,Commercial
29663,under sec.24 of contract labour  act 1970,Commercial
29665,under secion 80 2 of cpc,Commercial
29787,under section 80   2   of cpc,Commercial
677,"1939 Mohammadan Marriage Divorce Act, Rule",Criminal
1577,4 of protection of muslim women divorce act 1986,Criminal
3382,Bengal Sessions Courts Act,Criminal
3834,C.G. Excise Act CRIMINAL,Criminal
4183,CRIMINAL LAW AMENDMENT ACT 1908,Criminal
4184,"CRIMINAL LAW AMENDMENT ACT, 2005",Criminal
5056,"CrPC - Code of Criminal Procedure, 1973",Criminal
5072,Criminal IPC Cases,Criminal
5076,"Criminal Law (Amendment) Act,Svt.1993(1936 A.D)",Criminal
5084,Criminal Law Amendment Act,Criminal
5091,"Criminal Law Amendment Act, 1961",Criminal
5105,Criminal Procedure Code (Cr.PC),Criminal
5118,Criminal misc13(3) B,Criminal
5121,CriminalLawAmendmentAct,Criminal
5122,CriminalandElectionLawsAmendmentAct,Criminal
5270,DOMESTIC VIOLENCE ACT,Criminal
5271,DOMESTIC VIOLENCE ACT 2005,Criminal
5581,Divorce Act,Criminal
5582,Divorce Act 1869,Criminal
7622,IPC CRIMINAL \,Criminal
7768,Indian Divorce Act,Criminal
7774,"Indian Divorce Act, 1869",Criminal
7993,IndianCriminalLawAmendmentAct,Criminal
7994,IndianDivorceAct,Criminal
7999,IndianMatrimonialCauses(WarMarriages)Act,Criminal
9878,MUSLIM DIVORCE ACT1984,Criminal
9886,"MUSLIM WOMEN (PROTECTION OF RIGHTS ON DIVORCE) ACT, 1986",Criminal
10516,Mohammadan Marriages and Divorces Registration Act ( Bengal),Criminal
10663,Muslim Divorce Act,Criminal
10664,Muslim Divorce Act 1939,Criminal
10688,"Muslim Women (Protection Of Right On Divorce)Act ,1986",Criminal
10693,Muslim Women (Protection of Rights on Divorce) Act,Criminal
10706,MuslimWomen(ProtectionofRightsonDivorce)Act,Criminal
10796,NDPS ACT,Criminal
10874,Narcotic Drugs and Psychotropic Substances Act (NDPS),Criminal
10890,NarcoticDrugsandPsychotropicSubstancesAct,Criminal
12714,"PROTECTION OF WOMEN FROM DOMESTIC VIOLENCE ACT, 2005 ALONG WITH RULES 2006",Criminal
12715,PROTECTION OF WOMEN FROM DOMESTIC VIOLENCE LAW,Criminal
12806,ParsiMarriageandDivorceAct,Criminal
13429,PreventionofIllicitTrafficinNarcoticDrugsandPsychotropicSubstancesAct,Criminal
13707,Protection of Women from Domestic Violence Act,Criminal
13710,Protection of Women from Domestic Violence Act 2005,Criminal
15170,SC/ST Act,Criminal
15182,SC/ST(Prevention of atrocities) Act 1989\,Criminal
15184,SC/ST(Prevention of attrocities) Act 1989\,Criminal
15896,Sec.10 of Divorce Act 1869,Criminal
16640,"THE DIVORCE ACT, 1869",Criminal
16641,THE DIVORCE ACT1869,Criminal
17342,The Indian Divorce Act 1869,Criminal
17468,The Muslim Women (Protection of Rights on Divorce) Act 1986,Criminal
17548,The Protection of Women From Domestic Violence Act 2005 2005,Criminal
26118,Under Section 10(1)(ix) of Indian Divorce Act,Criminal
2,'',Other
5,(Bihar) Narcotic Drugs and Psychotropic Substance4 Rules,Other
7,(Care and Protection of Children) Act-2000\,Other
9,(Non-Trading) Companies Act (Bihar),Other
12,(Rajya) Suraksha Adhiniyam 1990,Other
16,--'a,Other
30,....494 496,Other
31,....63,Other
66,1 C.P.C,Other
80,"10,12,13 The unlawful Actvities Prevtn act 1967,3 and 25 Arms Act 1959 Explosive Substances act 1908",Other
149,12 AND 13 CLAUSE 1 KST ACT RW 17 CLAUSE 1 KST ACT,Other
162,12 of PWDV Act,Other
182,125 of Cr. P.C.,Other
192,13   3  of Karnataka Reg. Birth and Death Act 1969,Other
201,13 .1. Birth and Death Registration Act,Other
204,13 1 1A 1B OF HINDU MARRIAGE ACT,Other
249,13 R.P.G.O.ACT,Other
261,13 clause 3 OF Birth and Death Act.,Other
263,13 clause 3 of registration of birth and death act,Other
366,138 N.I.Act,Other
369,138 NI ACT,Other
376,138 OF NI ACT,Other
381,138 of N.I. Act,Other
388,"138,142 NI ACT",Other
552,166 IMV Act,Other
587,18 OF LAND ACQUISITION ACT,Other
697,1State Bank of India Act,Other
712,20,Other
756,202 Act,Other
760,20class5B of minimun wages Act,Other
857,26 ORDER 7,Other
869,26 r/w order 7 rule 1 of C.P.C.,Other
921,29 CL 1 PROTECTION OF WOMEN FROM D.V ACT 2005.,Other
1019,3/7 E.C.Act,Other
1160,34(A) Ex. Act 0,Other
1347,372 INDIAN SUCCECION  ACT,Other
1514,"379,420 IPC,Sec.42,43,44 KMMC Rule 1994, Sec.21(1),(1A) MMDR act and 31R(13)KNS Policy",Other
1533,39 rule 1 and 2,Other
1572,4 of B.C.L.A. ACT.,Other
1661,438 ClassII class IV CRPC,Other
1731,5 of Amitation Act,Other
1733,5 of Limitation Act,Other
1877,7 RULE 1 OF C.P.C.,Other
1879,7 RULE 1 R/W SEC. 26 OF C.P.C.,Other
1881,7 Rule 1,Other
1896,7 rule 1 R/w 26,Other
1910,"7, 13 I D  Sec 13  2 P.C. Act 1988",Other
1914,7/16 P.F.A Act,Other
1917,70 CLAUSE 1 OF KARNATAKA CO.OPERATIVE SOCIETY ACT,Other
1944,78 KP ACT,Other
2074,92  O and R KP ACT,Other
2227,A c t  / U/Sec.,Other
2233,A.M.P.C. Act  \,Other
2235,"A.P CINEMAS (REGULATION) ACT, 1955",Other
2240,"A.P PROTECTION OF DEPOSITORS OF FINANCIAL ESTABLISHMENTS ACT, 1999",Other
2248,"A.P. ADVOCATES - WELFARE FUND ACT, 2001- 10",Other
2250,"A.P. ADVOCATESÃ¢â‚¬â„¢  WELFARE FUND ACT, 1987",Other
2251,"A.P. ASSIGNED LANDS (PROHIBITION OF TRANSFERS) ACT, 1977",Other
2253,"A.P. CHARITABLE AND HINDU RELIGIOUS INSTITUTIONS AND ENDOWMENTS ACT, 1987",Other
2256,"A.P. FIRE SERVICE ACT, 1999",Other
2259,"A.P. LAND GRABBING (PROHIBITION) ACT, 1982",Other
2276,A.P.P.AMENDMENT ACT 1997,Other
2285,A.P.SHOPS AND ESTABLISHMENT  ACT,Other
2296,"ABKARI SHOPS DISPOSAL RULES, 2002 (KERALA)",Other
2301,ACT,Other
2302,ACT / U/Sec.,Other
2308,"ADMINISTRATIVE TRIBUNALS ACT, 1985",Other
2313,"ADVOCATES ACT, 1961",Other
2315,"ADVOCATESÃ¢â‚¬â„¢ WELFARE FUND ACT, 2001",Other
2322,"AGRICULTURAL UNIVERSITY ACT, 1971 (KERALA)",Other
2324,AIR (PREVENTION & CORBTE OF POLLUTION) ACT,Other
2332,"AIRCRAFT ACT, 1934",Other
2336,AMENDEMENT,Other
2344,"ANDHRA PRADESH (A.A.) ESTATES (ABOLITION AND CONVERSION INTO RYOTWARI) ACT, 1948",Other
2346,"ANDHRA PRADESH (A.A.) INAMS (ABOLITION AND CONVERSION INTO RYOTWARI) RULES, 1956",Other
2347,"ANDHRA PRADESH (A.A.)ESTATES LAND ACT, 1908",Other
2349,"ANDHRA PRADESH CHIT FUNDS ACT, 1971",Other
2350,"ANDHRA PRADESH CO-OPERATIVE SOCIETIES ACT, 1964",Other
2351,ANDHRA PRADESH COTTON SEEDS ACT,Other
2352,"ANDHRA PRADESH EXCISE ACT, 1968",Other
2353,"ANDHRA PRADESH FOREST ACT, 1967",Other
2354,"ANDHRA PRADESH GAMING ACT, 1974",Other
2355,"ANDHRA PRADESH LAND ENCROACHMENT ACT, 1905",Other
2378,AP MUNICIPALITIES ACT,Other
2382,AP PROHIBITION OF COW SLAUGHTER AND ANIMAL PRESERVATION ACT 1997,Other
2390,"APARTMENT OWNERSHIP ACT, 1983 (KERALA)",Other
2441,APTN ACT 1989,Other
2446,ARBITRATION AND CONCILIATION ACT,Other
2450,"ARBITRATION AND CONCILIATION ACT, 1996 ALONG WITH SCHEME, 1996",Other
2471,AWAIT NBW,Other
2476,Abkari Act,Other
2481,Abkari(Disposal of confiscated Articles)Rules 1996,Other
2483,Absorbed Areas (Laws) Act,Other
2484,Absorbed Areas (Laws) Act 1954,Other
2488,Accessories (Condition) Rules,Other
2490,Accommodation Control Act 1961,Other
2496,Acquired Territories (Merger) Act,Other
2502,Acquisition of Certain Area at Ayodhya Act,Other
2506,Act 3(4) and Section 4 of S C and  ST  (Prevantion of atrocities) Act 1989,Other
2510,Act U/s,Other
2515,Actquaries Act,Other
2516,Actquaries Act 2006,Other
2518,Additional Duties of Excise (Goods of Special Importance) Act,Other
2520,Additional Duties of Excise (Textiles and Textile Articles) Act,Other
2524,Additional Emoluments (Compulsory Deposit) Act,Other
2530,Administrative Tribunal (Amendment) Act,Other
2531,Administrative Tribunal (Amendment) Act 1986,Other
2534,Administrative Tribunals Act,Other
2537,AdministrativeTribunalsAct,Other
2540,Administrators-General Act,Other
2542,AdministratorsGeneralAct,Other
2544,Admiralty Court Act 1861,Other
2556,Advocates Act,Other
2563,AdvocatesAct,Other
2565,Advocates’ Welfare Fund Act,Other
2569,African Development Fund Act,Other
2579,Agricultural Income Tax Act,Other
2582,Agricultural Produce (Grading and Marking) Act,Other
2584,"Agricultural Produce (Grading and Marking) Act, 1937",Other
2595,"Agricultural and Processed Food Products Export   Development Authority Act, 1985",Other
2596,"Agricultural and Processed Food Products Export   Development Authority Act, 1985 1986",Other
2599,AgriculturalProduce(GradingandMarking)Act,Other
2600,AgriculturalProduceCessAct,Other
2605,Agriculturists' Loans Act,Other
2608,AgriculturistsLoansAct,Other
2613,Air (Prevention and Control of Pollution) Act 1981,Other
2614,Air (Prevention and Control of Pollution) Amendment Act,Other
2622,Air Force Act 1951,Other
2633,Air(PreventionandControlofPollution)AmendmentAct,Other
2636,AirCorporations(TransferofUndertakingsandRepeal)Act,Other
2641,AircraftAct,Other
2658,All,Other
2660,"All India Council for Technical Education Act, 1987",Other
2669,All India Services Act 1951,Other
2672,All-India Council for Technical  Education Act,Other
2674,All-India Institute of Medical Sciences Act,Other
2677,All-India Services Act,Other
2678,All-India Services Regulations (Indemnity) Act,Other
2681,All-IndiaCouncilforTechnicalEducationAct,Other
2682,All-IndiaInstituteofMedicalSciencesAct,Other
2683,All-IndiaServicesAct,Other
2684,All-IndiaServicesRegulations(Indemnity)Act,Other
2697,Amending Act  -1901,Other
2698,Amending Act  -1901 1901,Other
2705,AmendingAct,Other
2710,Amritsar Oil Works (Acquisition and Transfer of  Undertakings) Act 1982,Other
2723,Ancient Monuments and Archaeological Sites and Remains Act 1958,Other
2734,Andhra Pradesh and Madras (Alteration of  Boundaries) Act,Other
2761,Animal Preservation Act ( Maharashtra ),Other
2764,Animal Rights,Other
2780,Anti Social activities(Prevention) Act 2007 (Kerala),Other
2783,Anti-Apartheid (United Nations Convention) Act,Other
2784,Anti-Corruption Laws (Amendment) Act,Other
2786,Anti-CorruptionLaws(Amendment)Act,Other
2788,Anti-HijackingAct,Other
2791,"AntiCorruption Laws (Amendment) Act, 1967",Other
2818,Appeal U/s 96 R/w Order XLI Rule 1 of C.P.C,Other
2840,Appl.U/S 449 OF C.P.C.,Other
2849,Application U/S 285 OF K.M.Act 1964,Other
2874,"Arbitration & Conciliation Act, 1996\",Other
2878,Arbitration Act,Other
2888,Arbitration and Conciliation Act 1940\,Other
2889,Arbitration and Conciliation Act 1996,Other
2897,Arbitration applications U/S 9\,Other
2900,Arbitration petitions and Objections\,Other
2921,ArmedForces(EmergencyDuties)Act,Other
2922,ArmedForces(SpecialPowers)Act,Other
2923,Arms Act,Other
2926,Arms Act 1959,Other
2935,ArmsAct,Other
2938,Army Act 1951,Other
2946,Arya Marriage Validation Act 1937,Other
3022,Assam Municipal (Manipur Amendment) Act,Other
3072,Assam land and grabbing prohibition act,Other
3076,AssamRiflesAct,Other
3087,AurovilleFoundationAct,Other
3089,AuthoritativeTexts(CentralLaws)Act,Other
3094,Await record,Other
3101,B P Act,Other
3128,"BANKERSÃ¢â‚¬â„¢ BOOK EVIDENCE ACT, 1891",Other
3134,"BANKING REGULATION ACT, 1949 ALONG WITH ALLIED RULES",Other
3141,"BENAMI TRANSACTIONS (PROHIBITION) ACT, 1988",Other
3154,"BHhoodan Yagna (Amendment )Act,(Bihar)",Other
3184,BIRTH AND DEATH ACT,Other
3268,"BUREAU OF INDIAN STANDARDS ACT,1986",Other
3270,Babasaheb Bhimrao Ambedkar University Act,Other
3273,"Baihar Spiced Counrty Spirt(Manufacture and Sale )Rules,1976",Other
3277,Balance,Other
3289,Bankers Book of Evidence Act,Other
3290,Bankers' Books Evidence Act,Other
3292,BankersBooksEvidenceAct,Other
3293,Banking Companies (Acquisition and Transfer of Undertakings)  Act,Other
3294,Banking Companies (Acquisition and Transfer of Undertakings)  Act 1970,Other
3297,Banking Companies Act 1949,Other
3298,Banking Laws (Amendment) Act,Other
3299,Banking Laws (Application to Co-operative Societies) Act,Other
3301,Banking Regulation Act,Other
3303,Banking Regulations Act 1949,Other
3304,BankingCompanies(AcquisitionandTransferofUndertakings)Act,Other
3307,BankingRegulationAct,Other
3313,Beedi Workers Welfare Cess Act,Other
3317,Beedi and Cigar Workers (Conditions of Employment) Act 1966,Other
3321,BeediWorkersWelfareCessAct,Other
3322,BeediWorkersWelfareFundAct,Other
3323,BeediandCigarWorkers(ConditionsofEmployment)AmendmentAct,Other
3334,"Benami Transactions and Prohibition Act, 1988",Other
3370,Bengal Land Revenue Sales Act,Other
3397,Bhiksha Vritti Nivaran Adhiniyam 1973,Other
3585,"Bill of Lading Act, 1856",Other
3589,BiologicalDiversityAct,Other
3601,Birth and Death Registration Act,Other
3607,Births,Other
3608,"Births, Deaths and Marriage Registration Act, 1886",Other
3609,"Births, Deaths and Marriages Registration Act",Other
3634,"Bombay & Gujrat Entertainment Tax Act,1977",Other
3636,Bombay Agricultural Debters Relief Act 1947,Other
3650,Bombay Electricity Duty Act1958,Other
3654,"Bombay Industrial Relation Act, 1946",Other
3660,Bombay Labour Welfare Fund Act,Other
3668,Bombay Lottery Act,Other
3669,Bombay Municipal Corporation Act.,Other
3672,Bombay Police Act,Other
3677,Bombay Prohibition Act 1949,Other
3678,Bombay Provincial Muncipal Corporation Act 1949,Other
3679,"Bombay Provincial Municipal Corporation Act, 1949",Other
3683,Bombay Publice Trust Act 1950,Other
3684,"Bombay Regulation Act,1827",Other
3692,Bombay Sales Act 1959,Other
3713,Bombay Village Panchayat Act (1974),Other
3723,Bonus Act  \,Other
3728,BorderSecurityForceAct,Other
3730,"Borstal School Act, 1961 (Kerala)",Other
3731,Boundaries,Other
3771,"Building Tax Act, 1975 (Kerala)",Other
3775,Building and Other Construction Workers (Regulation of  Employment and Conditions of  Service) Act,Other
3776,Building and Other Construction Workers (Regulation of  Employment and Conditions of  Service) Act 1,Other
3783,"Building and Other construction workers Act, 1996",Other
3805,BureauofIndianStandardsAct,Other
3833,C.G. Excise Act,Other
3880,C.P code,Other
3882,C.P.C Act,Other
3883,C.P.C.,Other
3884,C.P.C. CASES,Other
3887,C.P.C.- Interlocutory Order,Other
3888,C.P.C.- Non-Interlocutory Order,Other
3897,"CABLE TELEVISION - NETWORKS (REGULATION) ACT, 1995",Other
3899,"CABLE TELEVISION NETWORK REGISTRATION ACT, 1995",Other
3906,CANCELATION OF MARRIAGE,Other
3915,"CATTLE TRESPASS ACT, 1871",Other
3916,CATTLE TRESPASS Act,Other
3929,CERTIFICATE U/S 372 OF INDIAN SECTION ACT,Other
3933,CG KRISHAK PASHU PARIKSHAN ACT,Other
3968,"CHILD LABOUR (PROHIBITION & REGULATION) ACT,1986",Other
3983,CHILD MARRIAGE RESTRAINT ACT,Other
3998,"CHIT FUNDS ACT, 1982",Other
4006,CIGARETTE AND OTHER TOBACCO PRODUCTS ACTS 2003,Other
4010,CIMINAL PROCEDURE CODE,Other
4016,"CITIZENSHIP ACT, 1955",Other
4017,CITY POLICE ACT,Other
4094,COMPANIES ACT (HB),Other
4106,CONSTITUTION OF INDIA,Other
4107,CONSUMER PROTECTION ACT,Other
4116,"CONTEMPT OF COURTS ACT, 1971 ALONG WITH RULES TO REGULATE PROCEEDINGS FOR CONTEMPT OF THE SUPREME CO",Other
4117,CONTEMPT OF COURTS ACT1971,Other
4133,COPYRIGHT ACT,Other
4136,"COPYRIGHT ACT, 1957 ALONG WITH RULES, 1958 AND INTERNATIONAL COPYRIGHT ORDER, 1999",Other
4147,"COTTON GINNING & PRESSING FACTORIES ACT, 1925",Other
4149,COURT FEE  ACT,Other
4152,"COURT FEES ACT, 1870",Other
4174,CPF Rules,Other
4194,CRL.LAW AMENDEMENT ACT,Other
4207,Cable Television Networks (Regulation) Act,Other
4212,CableTelevisionNetworks(Regulation)Act,Other
4213,Calcutta High Court (Extension of Jurisdiction) Act,Other
4214,Calcutta High Court (Jurisdictional Limits) Act,Other
4219,Calcutta Pilots Act,Other
4221,"Calicut University (Conduct of Elections to Various Authorities or Bodies) First Statutes, 1975",Other
4222,"Calicut University (Registration of Graduates) 1st Statute, 1975",Other
4223,"Calicut University Act, 1975",Other
4233,Canon Law,Other
4236,Cantonment Act 1924  \,Other
4240,Cantonments (House Accommodation) Act,Other
4241,Cantonments Act,Other
4242,Cantonments Act 1924,Other
4243,CantonmentsAct,Other
4262,"Carriage of Goods by Sea Act, 1925",Other
4265,Carriers Act,Other
4267,"Carriers Act, 1865",Other
4269,Cases  \,Other
4276,"Cattle Trespass Act, 1961",Other
4289,Census Act,Other
4290,CensusAct,Other
4292,Central  Excises and Salt (Amendment) Act 1985,Other
4294,Central Advisory Council (Procedural) Rules,Other
4306,Central Excise Act,Other
4312,"Central Excise and Salt Act, 1944",Other
4314,Central Excises (Conversion to Metric Units) Act 1960,Other
4321,Central Industrial Security Force Act 1968,Other
4332,Central Provinces Court of Wards Act,Other
4338,Central Provinces Laws Act,Other
4349,"Central Sales Tax Act, 1956",Other
4355,CentralBoardsofRevenueAct,Other
4361,CentralLabourLawsAct,Other
4362,CentralReservePoliceForceAct,Other
4365,CentralSalesTaxAct,Other
4371,CessandOtherTaxesonMinerals(Validation)Act,Other
4385,"Charitable and Religious Trust Act, 1920",Other
4390,CharitableEndowmentsAct,Other
4391,CharitableandReligiousTrustsAct,Other
4392,Chartered Accountants Act,Other
4393,CharteredAccountantsAct,Other
4396,Chechak tika Adhiniyam 1968,Other
4399,ChemicalWeaponsConventionAct,Other
4440,Child Labour (Prohibition and Regulation) Act 1986,Other
4447,Child Labour Act  \,Other
4462,Child Marriage Act,Other
4472,Child Marriage Restraint Act 1929\,Other
4487,ChildLabour(ProhibitionandRegulation)Act,Other
4491,"Children Act, 1972 (Kerala)",Other
4492,"Children Act,(Bihar)",Other
4497,Children(PledgingofLabour)Act,Other
4500,Chit Funds Act,Other
4505,ChitFundsAct,Other
4507,"Chitties Act, 1975 (Kerala)",Other
4517,"Christian Marriage Act, 1872",Other
4541,"Cigarette and other Tobacco Products Act, 2003",Other
4545,"Cigarettes (Regulation of Production, Supply and  Distribution) Act",Other
4557,Cigarettes/TobaccoProductsAct,Other
4569,Cine-Workers Welfare Fund Act,Other
4574,Cine-WorkersWelfareCessAct,Other
4576,Cine-WorkersandCinemaTheatreWorkers(RegulationofEmployment)Act,Other
4581,"Cinemas (Regulation) Act, 1958 (Kerala)",Other
4586,Cinematograph Act,Other
4587,"Cinematograph Act, 1952",Other
4589,CinematographAct,Other
4597,CitizenshipAct,Other
4602,City of Bombay Municipal (Supplementary) Act,Other
4699,Co-operative Societies (amendment and Validation)Act,Other
4700,Co-operative Societies Act,Other
4703,Co-operative Societies Rules(Bihar),Other
4704,Co-operative Societies(Amaendment)Act(Bihar),Other
4705,Co-operativeSocietiesAct,Other
4715,Coal India (Regulation of Transfers and Validation) Act,Other
4716,Coal Mines (Conservation and Development) Act,Other
4717,Coal Mines (Conservation and Development) Act 1974,Other
4720,Coal Mines (Nationalisation) Act 1973,Other
4731,CoalBearingAreas(AcquisitionandDevelopment)AmendmentandValidationAct,Other
4733,CoastGuardAct,Other
4736,CoastalAquacultureAuthorityAct,Other
4737,Coasting Vessels Act,Other
4738,CoastingVesselsAct,Other
4739,"Cochin University Act, 1971 (Kerala)",Other
4740,Coconut Development Board Act,Other
4742,CoconutDevelopmentBoardAct,Other
4767,CoffeeAct,Other
4770,CoinageAct,Other
4772,"Coir Workers Welfare Fund Act, 1987 (Kerala)",Other
4782,Collection of Statistics Act,Other
4784,CollectionofStatisticsAct,Other
4786,"Colm. 376 , 506 of IPC",Other
4789,Commanders in Chief (Change in Designation) Act,Other
4810,CommissionofSati(Prevention)Act,Other
4812,"Commissions for Protection of Child Rights Act, 2006 2006",Other
4831,Companies Act  \,Other
4841,Companies(Amendment)Act,Other
4843,Companies(Profits)SurtaxAct,Other
4844,CompaniesAct,Other
4845,Company Act,Other
4846,Company Secretaries Act,Other
4848,"Compensation For Tenants Improvements Act, 1958 (Kerala)",Other
4853,CompetitionAct,Other
4873,"Conservation of Foreign Exchange and Prevention of Smuggling Activities Act, 1974",Other
4875,ConservationofForeignExchangeandPreventionofSmugglingActivitiesAct,Other
4883,ConsumerProtectionAct,Other
4889,Contempt Of Court Act,Other
4892,Contempt of Court  \,Other
4899,Contempt of Courts Act 1971,Other
4901,ContemptofCourtsAct,Other
4905,ContingencyFundofIndiaAct,Other
4907,ContinuanceofLegalProceedingsAct,Other
4908,Contonment Act 1924,Other
4952,ControlofNationalHighways(LandandTraffic)Act,Other
4959,"Cooperative Societies Act, 1969 (Kerala)",Other
4962,Copy Right Act,Other
4967,Copy right Act 1957,Other
4975,Copyright Act 1957  \,Other
4980,CopyrightAct,Other
4983,Corruption Act,Other
4984,Cost and Works Accountants Act,Other
4985,CostandWorksAccountantsAct,Other
4989,CottonCopraandVegetableOilsCess(Abolition)Act,Other
4995,Court Fees Act,Other
5008,Court-fees (Delhi Amendment) Act,Other
5013,Court-feesAct,Other
5048,Cr. P. C.,Other
5053,Cr. Pc,Other
5062,Credit Information Companies (Regulation) Act,Other
5064,CreditInformationCompanies(Regulation)Act,Other
5135,Crpc 279 I.P.C R/W 183 IMV,Other
5158,Customs Act,Other
5166,Customs(Amendment)Act,Other
5169,CustomsTariffAct,Other
5188,D.P.C. Act  \,Other
5199,D.V Act,Other
5213,DAMAGES/COMPENSATION,Other
5242,DISSOLUTION OF MUSLIM ACT,Other
5253,DMC ACT \,Other
5278,DOMESTIC VOILANCE ACT,Other
5292,"DOWRY PROHIBITION ACT, 1961 ALONG WITH RULES AND RELEVANT PROVISIONS OF IPC & EVIDENCE AND CRPC RELA",Other
5308,"DRUG (CONTROL) ACT, 1950",Other
5309,"DRUGS & COSMETICS ACT, 1940",Other
5316,DV ACT,Other
5328,Dadra and Nagar Haveli Act,Other
5329,Dadra and Nagar Haveli Value Added Tax (Amendment) Regulation,Other
5331,Dakaiti Aur Vyapharan Prabhavit Kshetra Adhiniyam 1981,Other
5338,Damages  \,Other
5348,DangerousMachines(Regulation)Act,Other
5379,Decrees and Orders Validating Act,Other
5380,DecreesandOrdersValidatingAct,Other
5387,Dehra Dun,Other
5470,DelimitationAct,Other
5472,Delivery of Books and Newspapers (Public Libraries) Act,Other
5479,DentistsAct,Other
5483,Departmental Enquary  \,Other
5495,Depositories Act,Other
5498,DepositoriesAct,Other
5500,Design Act 1911,Other
5503,Designs Act 2000,Other
5507,DestructionofRecordsAct,Other
5516,Development Council (Procedural) Rules,Other
5525,Dindigul City Municipal Corporation Act 2013,Other
5534,Direct-TaxLaws(Misc.)RepealAct,Other
5535,DirectTaxLaws(Amendment)Act,Other
5541,DisasterManagementAct,Other
5547,Displaced Persons (Debts Adjustment) Act,Other
5551,DisplacedPersons(DebtsAdjustment)Act,Other
5561,Dissolution of Muslim Marriage Act,Other
5562,Dissolution of Muslim Marriage Act 1939,Other
5565,Dissolution of Muslim Marriages Act,Other
5567,"Dissolution of Muslim Marriages Act, 1939",Other
5570,Dissolution of firm  \,Other
5574,DissolutionofMuslimMarriagesAct,Other
5576,DistrictsAct,Other
5579,DisturbedAreas(SpecialCourts)Act,Other
5614,Domestic Violance Act,Other
5645,Domestic Voilence Act,Other
5648,"Domestic Voilence Act, 2005",Other
5690,Dowry Prohibition Act,Other
5693,Dowry Prohibition Act 1961,Other
5703,DowryProhibitionAct,Other
5706,DramaticPerformancesAct,Other
5720,Drugs (Control) Act 1950,Other
5734,Drugs and Cosmetics Act,Other
5735,Drugs and Cosmetics Act 1940,Other
5752,Drugs(Control)Act,Other
5753,DrugsandCosmeticsAct,Other
5754,DrugsandMagicRemedies(ObjectionableAdvertisements)Act,Other
5778,E.I. Act  \,Other
5801,EDUCATION ACT,Other
5822,"EMPLOYEES COMPENSATION ACT, 1923",Other
5835,"EMPLOYEES STATE INSURANCE ACT, 1948",Other
5843,ENTRY IN INDIA WITHOUT VALID PASSPORT 1950,Other
5845,ENVIRONMENT (PROTECTION) ACT,Other
5873,ESSENTIAL COMMODITIES ACT 1955,Other
5934,Easements (Extending Act 5 of 1882),Other
5935,"Easements Act, 1882",Other
5954,EconomicOffences(InapplicabilityofLimitation)Act,Other
5955,Edible Oil (Wholesale)Licensing  Dealer  Order(Bihar),Other
5961,Election Act,Other
5978,ElectionCommissionAct,Other
5979,ElectionLaws(ExtensiontoSikkim)Act,Other
5983,"Electricity (Supply) Act, 1948",Other
5985,Electricity Act,Other
5989,Electricity Act 2003,Other
5999,"Electricity Control  Order, State(Bihar)",Other
6013,Electricity(Temporary)Control Act,Other
6014,ElectricityAct,Other
6058,"Employees Provident Fund & Misc.Provisions Act,1952",Other
6078,Employees State Insurance Act\,Other
6083,Employees' Provident Funds and Miscellaneous  Provisions Act 1952,Other
6089,EmployeesProvidentFundsandMisc.Provisions(Amendment)Act,Other
6090,EmployeesStateInsurance(Amendment)Act,Other
6091,EmployeesStateInsuranceAct,Other
6095,EmployersLiabilityAct,Other
6103,Employment Exchanges (Compulsory Notification of Vacancies)  Act 1959,Other
6118,EnergyConservationAct,Other
6158,Equal Pay Act 1976,Other
6160,Equal Remuneration Act 1976,Other
6179,Essential Commodities (Special Provisions) Act,Other
6181,Essential Commodities Act,Other
6193,Essential Commodity Act 1955\,Other
6198,Essential Foodgrains Procurement Order(Bihar),Other
6209,EssentialCommoditiesAct,Other
6215,Esso (Acquisition of Undertakings in India) Act 1974,Other
6231,"Evidence Act, 1872",Other
6236,Examination Act,Other
6241,Exchange of Prisoners Act,Other
6243,ExchangeofPrisonersAct,Other
6248,Excise (Amaendment)Act (Bihar and Orissa),Other
6249,Excise (Amend. & validation) Act 1964,Other
6250,Excise (Amendment )Act,Other
6252,Excise (Malt Liquors) Act,Other
6253,Excise (Malt Liquors) Act 1890,Other
6254,Excise (Spirits) Act,Other
6257,Excise Act  (Bihar),Other
6260,Excise Act 1915,Other
6273,Excise act,Other
6299,Explosive Act 1884,Other
6315,Explosive Substances Act,Other
6317,Explosive Substances Act 1908,Other
6322,ExplosiveSubstancesAct,Other
6324,Explosives Act,Other
6325,Explosives Act 1884,Other
6335,Extradition Act,Other
6337,ExtraditionAct,Other
6345,FACTORIES ACT,Other
6347,"FACTORIES ACT, 1948",Other
6350,FAMILY COURT ACT,Other
6396,FOREIGN ACT,Other
6416,"FOREST (CONSERVATION) ACT, 1980",Other
6419,"FOREST ACT, 1927",Other
6443,FactoriesAct,Other
6445,Factory Act  \,Other
6455,Family Court Act 1984,Other
6459,Family Courts Act,Other
6461,"Family Courts Act, 1984",Other
6466,FamilyCourtsAct,Other
6473,Fatal Accidents Act,Other
6475,FatalAccidentsAct,Other
6534,Food Safety and Standards Act,Other
6535,Food Safety and Standards Act 2006,Other
6554,FoodCorporationsAct,Other
6555,FoodSafetyandStandardsAct,Other
6569,For enquiry,Other
6571,For fixation of boundary,Other
6573,For fixation of boundary and permanent prohibitory injunctiion,Other
6584,Foreign Exchange Management Act 1999,Other
6599,Foreign Recruiting Act,Other
6602,ForeignExchangeRegulationAct,Other
6605,ForeignRecruitingAct,Other
6611,Foreigners Act,Other
6613,Foreigners Act 1946  \,Other
6618,Foreigners National Act 1946,Other
6633,Forest Act,Other
6639,"Forest Act, 1961 (Kerala)",Other
6659,Forest(Conservation)Act,Other
6706,GAURDIAN  WARDS ACT,Other
6707,GAURDIAN AND WARDS ACT,Other
6709,"GENERAL CLAUSES ACT, 1897",Other
6722,GUARDIANS  WARDS ACT1890,Other
6850,"Gaeneral Clauses Act,(Bihar & Orissa)",Other
6863,Gambling Act,Other
6898,General Clauses Act,Other
6908,GeneralClausesAct,Other
6913,GeographicalIndicationsofGoods(RegistrationandProtection)Act,Other
6997,GovernmentBuildingsAct,Other
6998,GovernmentGrantsAct,Other
7010,Gram Nyayalayas Act 2009,Other
7027,Guardian Wards Act,Other
7035,"Guardian and Wards Act, 1890\",Other
7045,Guardians and Wards Act,Other
7046,Guardians and Wards Act 1890,Other
7054,Gudalur Janmam Estates (Abolition and Conversion into Ryotwari) Act,Other
7080,"HANDLOOMS [ RESERVATION OF ARTICLES FOR PRODUCTION ] ACT, 1985",Other
7090,HINDU ADOPTION  MAINTAINANCE ACT,Other
7093,HINDU ADOPTION AND MAINTENENCE ACT,Other
7096,HINDU ADOPTIONS AND MAINTENANCE ACT,Other
7114,"HINDU MARRIAGE ACT, 1955",Other
7121,HINDU MINORITY   WARDS ACT,Other
7122,"HINDU MINORITY & GUARDIANSHIP ACT, 1956",Other
7131,"HINDU SUCCESSION ACT, 1956",Other
7132,"HIRE-PURCHASE ACT, 1972 ALONG WITH HIRE-PURCHASE (REPEAL) ACT, 2005",Other
7135,HM (Hindu Marriage) Act,Other
7152,HYDERABAD MUNICIPAL CORPORATION ACT,Other
7162,Handlooms(ReservationofArticlesforProduction)Act,Other
7247,Hindu Adoption & Maintenance Act 1956\,Other
7249,Hindu Adoption Act,Other
7251,Hindu Adoption and Maintenanace Act,Other
7256,Hindu Adoptions and Maintenance Act 1956,Other
7266,Hindu Inheritance (Removal of Disabilities) Act 1928,Other
7271,Hindu Maintenance and Adoption Act,Other
7276,Hindu Marriage Act,Other
7286,Hindu Marriage Act 1956,Other
7297,Hindu Marriages (Validation of Proceedings) Act,Other
7313,Hindu Minority and Guardianship Act,Other
7323,"Hindu Religious and Charitable Endowments Act, 1959",Other
7325,Hindu Succession Act,Other
7326,Hindu Succession Act 1925,Other
7342,HinduAdoptionsandMaintenanceAct,Other
7344,HinduGainsofLearningAct,Other
7346,HinduMarriageAct,Other
7352,"Hire Purchase Act, 1972",Other
7382,I,Other
7400,I.E. ACT,Other
7405,I.M.C. Act  \,Other
7416,I.P.C(Police),Other
7433,I.T.ACT,Other
7447,"IDENTIFICATION OF PRISONERS ACT, 1920",Other
7453,IMMORAL TRAFFIC (PREVENTION) ACT,Other
7454,"IMMORAL TRAFFIC (PREVENTION) ACT, 1956",Other
7469,IMV Act,Other
7474,INCOME TAX ACT 1961,Other
7479,"INDECENT REPRESENTATION OF WOMEN ACT, 1986",Other
7483,INDIAN ARMS ACT,Other
7497,INDIAN EVIDENCE ACT,Other
7526,INDIAN PASSPORT ACT,Other
7530,INDIAN RAILWAY ACT,Other
7533,INDIAN STAMP ACT,Other
7537,INDIAN SUCCESSION ACT,Other
7547,INDIAN TRADE AND MERCHANDISE ACT,Other
7549,INDIAN TRUST ACT,Other
7565,INDUSTRIAL DISPUTES (REDRESSEL) ACT 1947,Other
7577,INFORMATION TECHNOLOGY ACT,Other
7590,"INSECTICIDES ACT, 1968",Other
7604,"INTEREST ACT, 1978",Other
7610,IPC  Indian Penal Code,Other
7625,IPC cases,Other
7629,ISLAMIC LAW,Other
7636,IT Act,Other
7641,ITP Act 1956,Other
7649,IdentificationofPrisonersAct,Other
7664,Immoral Traffic Act,Other
7676,ImmoralTraffic(Prevention)Act,Other
7681,Import & Export (Control) Act 1947,Other
7683,Import & Export Act  \,Other
7699,Income Tax Act  \,Other
7707,Income-taxAct,Other
7724,IndecentRepresentationofWomen(Prohibition)Act,Other
7737,Indian Arms Act 1959 \,Other
7763,Indian Copyright Act,Other
7767,Indian Diverce Act,Other
7777,Indian Easements Act,Other
7782,Indian Electricity Act,Other
7790,Indian Evidence Act 1872,Other
7792,Indian Explosive Act,Other
7794,Indian Explosives  Amendment  Act,Other
7806,Indian Fertilizers Act,Other
7812,Indian Forest Act,Other
7814,Indian Forest Act 1927,Other
7856,Indian Motor Vehicle act,Other
7871,Indian Official Secrets Act 1923\,Other
7874,Indian Partnership Act 1932,Other
7881,Indian Penal Cod IPC,Other
7890,Indian Ports Act,Other
7900,Indian Railway Board  Act,Other
7921,Indian Stamp Act 1899,Other
7934,"Indian Succession Act, 1925",Other
7937,Indian Succession Act/Hindu Succession Act,Other
7943,Indian Telegraph Act,Other
7946,"Indian Telegraph Act,1855  \",Other
7966,Indian Trusts Act,Other
7989,IndianBarCouncilsAct,Other
7996,IndianEvidenceAct,Other
7997,IndianFisheriesAct,Other
7998,IndianForestAct,Other
8000,IndianMedicalCouncilAct,Other
8004,IndianNavalArmamentAct,Other
8005,IndianNursingCouncilAct,Other
8006,IndianPartnershipAct,Other
8007,IndianPortsAct,Other
8008,IndianPostOfficeAct,Other
8009,IndianRailwayBoardAct,Other
8013,IndianSecuritiesAct,Other
8014,IndianShortTitlesAct,Other
8016,IndianStampAct,Other
8017,IndianSuccessionAct,Other
8028,Indo-TibetanBorderPoliceForceAct,Other
8034,Industrial Dispute Act,Other
8035,Industrial Dispute Act 1947,Other
8043,Industrial Disputes Act,Other
8046,Industrial Disputes Act 1947,Other
8057,Industrial Employment (Standing Orders) Act 1946,Other
8077,Industrial Relations Act 1960,Other
8081,IndustrialDisputes(AmendmentandMisc.Provisions)Act,Other
8087,Industries(DevelopmentandRegulation)Act,Other
8115,Injuctions-Both Permanent and Mandatory\,Other
8121,Inland Waterways Authority of India Act 1985,Other
8126,Insecticide Act 1968,Other
8133,Insecticides Act,Other
8137,InsecticidesAct,Other
8148,"Insolvency Act, 1956 (Kerala)",Other
8163,InsuranceAct,Other
8166,IntelligenceOrganisations(RestrictiononRights)Act,Other
8185,Inter-State Corporation Act 1957,Other
8202,Interest-taxAct,Other
8203,InterestAct,Other
8216,"Iron Ore Mines, Manganese Ore Mines and Chrome Ore Mines Labour Welfare Cess Act",Other
8219,Irrigation Act (Maharashtra),Other
8264,"JUVENILE JUSTICE (CARE & PROTECTION) ACT, 2000",Other
8265,JUVENILE JUSTICE (CARE AND PROTECTION OF CHILDREN) ACT,Other
8266,"JUVENILE JUSTICE (CARE AND PROTECTION OF CHILDREN) ACT, 2000",Other
8305,"Jharkhand Bovine Animal Prohibition of Slaughter Act, 2005",Other
8366,Jk Special Relief Act,Other
8411,Juvenile Justice Act,Other
8441,K.E. Act,Other
8462,K.P.ACT,Other
8465,K.P.M.E Act,Other
8470,K.S and C.E Act,Other
8852,Karnataka Excise Act,Other
8872,Karnataka Highways Act,Other
8942,Karnataka Police Act,Other
9071,Keral Motor Vehicles Act,Other
9086,Kerala Court Fee Act,Other
9088,Kerala Forest Act,Other
9135,Kerala Motor Vehicles Act,Other
9142,Kerala Panchayath Raj Act  \,Other
9214,Kerala conservation of Paddy Land & Wetland Act 2008.,Other
9222,Kerala motor spirit and high speed diesel oil order 1979,Other
9242,Khaddar(ProtectionofName)Act,Other
9287,LABOUR ACT,Other
9293,"LAND ACQUISITION (A.P. AMENDMENT) ACT, 1953",Other
9300,LAND GRABBING ACT U/S 7(A) OF APLG ACT,Other
9310,"LEGAL METROLOGY AC T , 2009",Other
9316,"LEGAL SERVICES AUTHORITIES  ACT, 1987",Other
9317,LEGAL SERVICES AUTHORITIES ACT,Other
9321,"LIMITATION ACT, 1963",Other
9323,LIMITATION ACT1963,Other
9332,"LOTTERIES REGULATION ACT, 1998",Other
9349,Labour Laws (Amendment) and Miscellaneous provisions Act 1981,Other
9350,Labour Laws (Exemption from Furnishing Returns and  Maintaining Registers by certain Establishments),Other
9361,Labour act 1970,Other
9362,LabourLawsAct,Other
9372,Land Acquisition (Amendment and Validation) Act,Other
9373,"Land Acquisition (Amendment and Validation) Act, 1967",Other
9374,Land Acquisition (Amendment) Act,Other
9376,Land Acquisition (Mines) Act,Other
9377,Land Acquisition Act,Other
9379,Land Acquisition Act 1894,Other
9388,Land Acquisition(Bihar Amendment) Act,Other
9393,"Land Assignment Act, 1960 (Kerala)",Other
9417,Land Reforms(Amendment)Act,Other
9432,Land Revenue Code 1959,Other
9443,LandAcquisition(AmendmentandValidation)Act,Other
9444,LandAcquisitionAct,Other
9445,LandImprovementLoansAct,Other
9452,Laws Local Extent Act,Other
9453,"Laws Local Extent Act, 1874",Other
9485,Legal Metrology Act.,Other
9490,"Legal Practitioners (Fees) Act, 1926",Other
9507,LegalPractitionersAct,Other
9509,LegalServicesAuthoritiesAct,Other
9533,Limitation Act,Other
9538,LimitationAct,Other
9544,Live-stockImportationAct,Other
9546,Local Authorities Loans Act,Other
9569,Lotteries(Regulation)Act,Other
9592,M P Medical Act,Other
9615,M.C.S. Act 1960,Other
9636,M.P. Govansh Vadh pratishedh Adhiniyam and Rules 2004,Other
9644,M.P.D.P.K.ACT,Other
9658,M.V. Act,Other
9667,M.p Excise Act 1915,Other
9693,MAHARASHTRA MEDICAL PRACTITIONERS ACT,Other
9696,MAHARASHTRA PROHIBITION ACT,Other
9704,MAHARASTRA UNIVERCITY BOARD,Other
9747,"MENTAL HEALTH ACT, 1987 ALONG WITH CENTRAL MENTAL HEALTH AUTHORITY  RULES, 1990 AND STATE MENTAL HEA",Other
9755,"MINES ACT, 1952",Other
9823,MOHAMMADAN LAW,Other
9824,MOHAMMADIAN LAW,Other
9826,MOHAMMEDANS LAW,Other
9827,MOHAMMENDAN LAW,Other
9828,MOMIDIAN LAW,Other
9844,"MOTOR VEHICLE ACT, 1988",Other
9859,MP Special Court Act 2012,Other
9865,"MULTI STATE CO-OPERATIVE SOCIETIES ACT, 1984",Other
9883,MUSLIM PERSONAL ACT,Other
9889,MV ACT,Other
9907,Madhya Pradesh Reorganisation Act,Other
9915,Madras Chit Fund Act 1961  \,Other
9926,Madras Forest (Validation) Act,Other
9943,MadrasCityLandRevenueAct,Other
9944,MadrasCityMunicipalCorporationAct,Other
9947,MadrasDistrictPoliceAct,Other
9951,MadrasRevenueCommissionerAct,Other
9968,"Mah.Employees Of Private School Conditions Of Service Regulation Act, 1977",Other
9972,"Mah.Municipal Council,Nagar Panchayat & Industrial Township Act,1965",Other
10008,"Maharashtra (Urban Areas) Protection and Preservation of Trees Act, 1975",Other
10017,Maharashtra Co Op Societies Act 1960,Other
10018,Maharashtra Co operative Societies ACt 1960,Other
10021,Maharashtra Co.Operative Soct.Act 1961,Other
10065,Maharashtra Money Lenders Act,Other
10069,Maharashtra Municipal Corporations Act,Other
10070,"Maharashtra Municipal Council, Nagar Panchayat and Industrial Townships Act,1965",Other
10076,Maharashtra Ownership Flat Act,Other
10088,Maharashtra Prevention of Gambling Act,Other
10102,Maharashtra Protection of Interest of Depositors,Other
10108,Maharashtra Raw Cotton Act,Other
10109,Maharashtra Recognition of Trade Union And Prevention of Unfair Labour Practices Act 1971,Other
10132,Maharashtra Village Panchayats Act,Other
10133,Maharashtra Zilla Parishads and Panchayat Samitis Act,Other
10159,Maintenance Orders Enforcement Act,Other
10171,Maintenance of Public Order Act,Other
10174,Maintenance of Wife and Children Act,Other
10177,MaintenanceOrdersEnforcementAct,Other
10180,MajorPortTrustsAct,Other
10183,MajorityAct,Other
10185,Malicious Prosecution,Other
10187,MalpracticeAct,Other
10191,Mandatory Injuction  \,Other
10207,Manoeuvres,Other
10211,Mantal Health Act,Other
10212,"Mappilla Marumakkathayam Act, 1939 (Madras)",Other
10220,MarineInsuranceAct,Other
10221,MarineProductsExportDevelopmentAuthorityAct,Other
10224,MaritimeZonesofIndia(RegulationofFishingbyForeignVessels)Act,Other
10233,MarriagesValidationAct,Other
10245,"Marumakkathayam Act, 1939 (Madras)",Other
10250,Maternity Benefit Act 1961,Other
10286,Medicinal and Toilet Preparations (Excise Duties) Act,Other
10316,Mental Health Act,Other
10334,MentalHealthAct,Other
10337,Merchant Shipping (Amendment) Act,Other
10348,Metro Railways (Construction of Works) Act 1978,Other
10351,Mica Mines Labour Welfare Fund Act,Other
10352,Mica Rules,Other
10375,Mines & Minerals (Development & Regulations) Act 1957,Other
10380,Mines Act,Other
10399,Mines and Minerals (Development and Regulation ) Act,Other
10400,Mines and Minerals (Development and Regulation ) Act 1957,Other
10412,Mines and Minerals Regulation and Development Act\,Other
10419,Mines and Minerals(Development and Regulation)ACT1957,Other
10423,MinesAct,Other
10424,MinesandMinerals(DevelopmentandRegulation)Act,Other
10429,Minimum Wages Act,Other
10431,Minimum Wages Act 1948,Other
10445,MinimumWagesAct,Other
10452,Ministry of Parliamentary Affairs Accountant Recruitment Rules,Other
10462,Mirzapur Stone Mahal Act,Other
10484,Miscellaneous Personal Laws (Extension) Act,Other
10501,Mogul Line Limited (Acquisition of Shares) Act,Other
10512,Mohammadan Law By Muallah,Other
10519,Mohammedan Law,Other
10520,Mohammedan Marriage act,Other
10526,Money Circulation Act,Other
10532,"Money Lenders Act, 1958 (Kerala)",Other
10533,Money Lending Act,Other
10542,Monopolies and Restrictive Trade Practices Act,Other
10552,"Motor Accidents Claims Tribunal Rules, 1977 (Kerala)",Other
10556,Motor Spirt and High Speed Diesel Oil Dealers Licensing Order (Bihar),Other
10558,Motor Transport  Workers Rules(Bihar),Other
10559,Motor Transport Workers Act,Other
10560,Motor Transport Workers Act 1961,Other
10564,Motor Vehicle Act,Other
10566,Motor Vehicle Act (MACT),Other
10584,Motor Vehicles Act 1988,Other
10587,"Motor Vehicles Rules, 1989 (Kerala)",Other
10588,Motor Vehicles Taxation Act (Bihar &  Orissa),Other
10597,MotorTransportWorkersAct,Other
10598,MotorVehiclesAct,Other
10602,Mulla Mohammadan Law,Other
10608,Multi-State Co-operative Societies Act,Other
10610,Multi-StateCo-operativeSocietiesAct,Other
10621,Muncipalities Act 1961,Other
10622,Muncipality Act,Other
10627,Municipal Act (Bihar & Orissa),Other
10635,Municipal Corporation Act 1956,Other
10641,"Municipal Council, Nagar Panchayat and Industrial Townships Act (Maharashtra), 1965",Other
10648,Municipal Taxation Act,Other
10649,Municipal Taxation Act 1881,Other
10651,MunicipalTaxationAct,Other
10652,"Municipalities Act, 1994 (Kerala)",Other
10653,Municipality Act,Other
10667,Muslim Law,Other
10670,Muslim Marriage Act,Other
10671,Muslim Marriage Act (1955),Other
10680,Muslim Personal Law (Shariat) Application Act,Other
10716,N D P ACT 8/20,Other
10723,N D P S ACT 8/15,Other
10727,N I ACT,Other
10741,N.D.P.S Act,Other
10761,nan,Other
10765,"NARCOTIC DRUGS & PSYCHOTROPIC SUBSTANCES ACT, 1985",Other
10787,NDMC ACT  \,Other
10805,NEGOSHIBLE INSTRUMENT  ACT,Other
10807,NEGOTIABLE INSTRUMENT ACT,Other
10825,NIGOCIABLE CASE,Other
10833,NOT GIVEN,Other
10834,NOT MENTIONED,Other
10836,"NOTARIES ACT, 1952",Other
10837,"NOTARIES ACT, 1952 ALONG WITH RULES 1956",Other
10843,Naga Hills-Tuensang Area Act,Other
10844,Nagaland University Act,Other
10855,"Nagpur University Act,1957",Other
10872,Narcotic Drugs and Psychotropic Substances Act,Other
10875,Narcotic Drugs and Psychotropic Substances Act 1985,Other
10883,"Narcotic Drugs and Psychotropic Substances(Execution of Bond by Convicts or Addicts) Rules,1985",Other
10894,National Bank for Agriculture and Rural Development Act,Other
10916,National Environment Tribunal Act,Other
10926,National Highways Act,Other
10935,National Institutes of Technology Act.,Other
10937,National Investigation Agency Act,Other
10940,National Library of India Act,Other
10941,National Oil Seeds and Vegetable Oils Development Board Act,Other
10946,National Security Act,Other
10947,National Security Act 1980,Other
10950,National Service Act,Other
10951,National Tax Tribunal Act,Other
10954,"National Waterway (Kakinada Puducherry Stretch of Canals and the Kaluvelly Tank, Bhadrachalam Rajahm",Other
10964,NationalCadetCorpsAct,Other
10965,NationalCo-operativeDevelopmentCorporationAct,Other
10967,NationalCommissionforMinoritiesAct,Other
10968,NationalCommissionforMinorityEducationalInstitutionsAct,Other
10969,NationalCommissionforSafaiKaramcharisAct,Other
10972,NationalCouncilforTeacherEducationAct,Other
10973,NationalDairyDevelopmentBoardAct,Other
10974,NationalEnvironmentAppellateAuthorityAct,Other
10975,NationalEnvironmentTribunalAct,Other
10978,NationalInstituteofPharmaceuticalEducationandResearchAct,Other
10979,NationalRularEmploymentGuaranteeAct,Other
10980,NationalSecurityAct,Other
10982,NationalServiceAct,Other
10983,NationalTaxTribunalAct,Other
10987,Natoinal Institute of Fashion Technology Act,Other
10989,Naval and Aircraft Prize Act,Other
10991,NavalandAircraftPrizeAct,Other
10995,NavyAct,Other
11002,Negotiable Instrument Act (138) 1881,Other
11003,Negotiable Instrument Act 138,Other
11023,NegotiableInstrumentsAct,Other
11024,New Delhi Municipal Council Act,Other
11032,Newspaper(PriceandPage)Act,Other
11033,Newspaper(PriceandPageContinuance)Act,Other
11037,NeyveliLigniteCorporationLimited(AcquisitionandTransferofPowerTransmissionSystem)Act,Other
11069,North-Eastern Area (Reorganisation) Act,Other
11077,Not Known,Other
11080,NotariesAct,Other
11117,"OATHS ACT, 1969",Other
11147,ORDER,Other
11166,ORDER 20 RULE 18 FOR FINAL DECREE,Other
11291,ORDER 6 RULE 14A,Other
11305,ORDER 7 RULE 1 OF C.P.C,Other
11309,ORDER 7 RULE 1 R.W SEC.26 OF C.P.C,Other
11319,ORDER 7 RULES 1 C.P.C,Other
11354,ORDER VII RULE 1 AND 3 OF C.P.C,Other
11355,ORDER VII RULE 1 OF C.P.C.,Other
11356,ORDER VII RULE 1 READWITH SECTION 26 C.P.C,Other
11368,ORER 7 RULE 1,Other
11403,OTHER,Other
11412,Oaths Act,Other
11415,OathsAct,Other
11416,Obstructions in Fairways Act,Other
11417,ObstructionsinFairwaysAct,Other
11480,Offence,Other
11486,Officers of Parliament (Travelling and Daily Allowances) Rules,Other
11492,OfficialSecretsAct,Other
11493,OfficialTrusteesAct,Other
11500,Oil Mines Regulations,Other
11506,"Oodukoor Settlement Proclamation, 1122 (T.)",Other
11508,Opium Act 1878  \,Other
11512,Opium and Revenue Laws (Extension of Application) Act,Other
11708,Order 26 rule 1 of C.P.C,Other
11793,Order 41 Rule 1 and 2 of C.P.C.,Other
11886,Order 7,Other
11890,Order 7 Rule 1,Other
11891,Order 7 Rule 1  and  2 of C.P.C,Other
11907,Order 7 Rule 1 and 2,Other
11910,Order 7 Rule 1 and 2 R/W Section 26 of C.P.C.,Other
11927,Order 7 Rule 1 and 3 of C.P.C.,Other
11932,Order 7 Rule 1 and r/w Sec.26 of C.P.C.,Other
11959,Order 7 of Rule 1,Other
11966,Order 7 rule 1 and 3,Other
11970,Order 7 rules 1 and 2 of C.P.C.,Other
11971,Order 7 rules 1 and 3 of C.P.C.,Other
11974,"Order 7, Rules 12 and 18",Other
12058,"Order VII Rule 2 of  C.P.C.,",Other
12102,Orer 7 of C P C,Other
12234,OrphanagesandOtherCharitableHomes(SupervisionandControl)Act,Other
12241,Other Law,Other
12247,Others,Other
12249,Oudh Estates Act,Other
12250,Oudh Laws Act,Other
12254,Oudh Taluqdars' Relief Act,Other
12267,P P P,Other
12294,P.I.T Act,Other
12314,P.P.ACT(PONDICHERRY POLICE ACT),Other
12349,"PARTNERSHIP ACT, 1932",Other
12356,PASSPORT ACT,Other
12363,"PATENTS ACT, 1970 ALONG WITH RULES, 2003",Other
12387,PC Act,Other
12465,PF Insurance Act  \,Other
12470,PG ACT (PONDICHERRY GAMING ACT),Other
12488,"PLAINT U/O VII RULE 1, C P C",Other
12490,PLAINT U/SEC. 26 R/W 7 RULE 1 OF C.P.C.,Other
12492,"PLANTATION LABOUR ACT,1951",Other
12506,POCSO (Protection of Children from Sexual Offfences) Act,Other
12515,POCSO Act,Other
12541,POP (PD) ACT (PONDICHERRY OPEN PLACES (PREVENTION OF DISFIGUREMENT) ACT,Other
12542,POP PreventionofDisfigurement Act2000,Other
12567,PRE-NATAL DIAGNOSTIC TECHNIQUES (REGULATION & PREVENTION OF MISUSE ) ACT 1994,Other
12572,"PRESIDENCY SMALL CAUSE COURTS ACT, 1882",Other
12581,PREVENTION OF BLACKMARKETING AND MAINTENANCE OF SUPPLIES OF ESSENTIAL COMMO,Other
12619,"PREVENTION OF FOOD ADULTERATION ACT, 1954 ALONG WITH RULES, 1955",Other
12625,PREVENTION OF ILLICIT TRAFFIC IN NARCOTIC DRUGS AND PSYCHOTROPIC SUBSTANCES ACT,Other
12667,PROCESS FEES RULES 1965,Other
12693,"PROTECTION OF CHILDREN FROM SEXUAL OFFENCES ACT, 2012",Other
12702,PROTECTION OF HUMAN RIGHTS ACT,Other
12704,"PROTECTION OF HUMAN RIGHTS ACT, 1993",Other
12724,"PROVINCIAL INSOLVENCY ACT, 1920",Other
12727,PROVINCIAL SMALL CAUSE COURTS ACT,Other
12729,"PROVINCIAL SMALL CAUSES COURT ACT, 1887",Other
12733,PUBLIC GAMBLING ACT,Other
12765,PWDV Act,Other
12782,"Panchayath Raj Act, 1994 (Kerala)",Other
12785,Panchdayat  Raj Election Rules (BIHAR),Other
12788,Panchyat Raj Act (Bihar),Other
12792,Parel Investment and Trading Private Limited and Domestic Gas Private Limited (Taking Over of Manage,Other
12809,Part C States Miscellaneous Laws (Repealing) Act,Other
12838,Passport (Entry into India) Act 1920,Other
12843,Passport Act 1967  \,Other
12849,Passports Act,Other
12852,PassportsAct,Other
12857,"Patents Act, 1970",Other
12859,PatentsAct,Other
12861,Patients Act,Other
12877,"Paym,ent of Gratuity Act 1972",Other
12892,Payment and Settlement Systems Act,Other
12893,Payment and Settlement Systems Act 2007,Other
12900,Payment of Bonus Act  \,Other
12901,Payment of Bonus Act 1965,Other
12906,Payment of Gratuity (Amendment) Act 1987,Other
12911,Payment of Gratuity Act 1972,Other
12918,"Payment of Gratyity Act, 1972",Other
12921,Payment of Wages Act,Other
12922,Payment of Wages Act 1936,Other
12933,Payment wages Act,Other
12934,PaymentofBonusAct,Other
12935,PaymentofGratuity(Amendment)Act,Other
12936,PaymentofGratuityAct,Other
12937,PaymentofWagesAct,Other
12943,Pensions Act,Other
12951,Permanent Injuction  \,Other
12957,Perpetual Injuction  \,Other
12960,Perpuctual injenction and fixation of boundary,Other
12964,PersonalInjuries(CompensationInsurance)Act,Other
12982,Petition U/Sec.372 of INDIAN SUCCESSION ACT.,Other
13030,PharmacyAct,Other
13040,PlantationsLabourAct,Other
13056,Police (Incitement to Disaffection) Act,Other
13058,Police Act,Other
13060,Police Act 1861,Other
13061,Police Act 1888,Other
13063,Police Act 2007,Other
13088,PoliceAct,Other
13090,Pollution Act,Other
13097,Pondicherry Code,Other
13099,Pondicherry Police Act,Other
13101,Pondicherry Shops and Establishments Act 1964,Other
13102,Pondicherry Sound Amplifier and Loudspeaker Licensing Rules 1967,Other
13105,Pondichery (Alteration of Name) Act 2006,Other
13129,Powers-of-Attorney Act 1882,Other
13133,PrasarBharati(BroadcastingCorporationofIndia)Act,Other
13135,Pravite Complaint,Other
13178,Presidency Small Cause Courts Act,Other
13191,Press and Registration of Books Act,Other
13193,PressCouncilAct,Other
13208,Prevention Immoral Tarrific Act PITA,Other
13223,Prevention Of Dowry Act,Other
13241,"Prevention of  Money Laundering Act, 2002",Other
13242,"Prevention of  Money Laundering Act, 2002 2003",Other
13279,Prevention of Children from Sexual Offences Act,Other
13283,Prevention of Corruption Act,Other
13285,Prevention of Corruption Act 1988,Other
13311,Prevention of Cruelty to Animals Act 1960,Other
13334,Prevention of Food Adulteration Act,Other
13335,Prevention of Food Adulteration Act 1954,Other
13339,Prevention of Food Adultration Act,Other
13342,Prevention of Gambling Act (Maharashtra),Other
13387,Prevention of Terrorism Act 2002\,Other
13424,PreventionofBlackmarketingandMaintenanceofSuppliesofEssentialCommoditiesAct,Other
13425,PreventionofCorruptionAct,Other
13426,PreventionofCrueltytoAnimalsAct,Other
13428,PreventionofFoodAdulterationAct,Other
13431,PreventionofMoneyLaunderingAct,Other
13432,PreventionofSeditiousMeetingsAct,Other
13440,Prisoners (Attendance in Courts) Act,Other
13444,Prisoners(AttendanceinCourts)Act,Other
13445,PrisonersAct,Other
13447,Prisons Act,Other
13450,PrisonsAct,Other
13464,PrivateSecurityAgencies(Regulation)Act,Other
13487,Probation of offenders act,Other
13490,ProbationofOffendersAct,Other
13494,Procedure Code  \,Other
13500,ProfessionsTaxLimitation(AmendmentandValidation)Act,Other
13502,Prohibition Act,Other
13504,Prohibition Act (Maharashtra),Other
13523,"Prohibition of Ragging Act, 1998 (Kerala)",Other
13538,ProhibitionofChildMarriageAct,Other
13552,Protection Of Child from Sexual Offences Act,Other
13599,Protection of Children From Sexual Offences Act,Other
13607,"Protection of Children Sexual Offence, 2012",Other
13621,"Protection of Children from Sexual Offence Act, 2012",Other
13625,Protection of Children from Sexual Offences,Other
13755,ProtectionofPlantVarietiesandFarmersRightAct,Other
13756,ProtectionofWomenfromDomesticViolenceAct,Other
13761,Provident Funds Act,Other
13774,Provincial Municipal Corporations Act (Maharashtra),Other
13779,Provincial Small Causes Act,Other
13780,ProvincialInsolvencyAct,Other
13786,Provisions of  food safety and quality act,Other
13804,Public Gambling Act 1867,Other
13813,Public Liability Insurance Act 1991,Other
13816,Public Premises (Eviction Act 1971),Other
13817,Public Premises (Eviction of Unauthorised Occupants) Act,Other
13818,Public Premises (Eviction of Unauthorised Occupants) Act 1971,Other
13823,Public Premises Act 1971  \,Other
13841,Public Representation Act,Other
13852,Public Trusts Act (Maharashtra),Other
13853,Public Trusts Act 1951,Other
13867,PublicGamblingAct,Other
13868,PublicLiabilityInsuranceAct,Other
13871,PublicRecordsAct,Other
13878,Puducherry Town and Country Planning Act 1969,Other
13890,Punjab Excise (Delhi Amendment) Act,Other
13913,Punjab Land Revenue Act,Other
13921,Punjab Municipal Corporation Law (Extension to Chandigarh)  Act,Other
14303,"RELIGIOUS INST.(PREV.OF MISUSE)ACT,1988",Other
14314,"REPRESENTATION OF PEOPLE ACT, 1951",Other
14348,"RIGHT TO INFORMATION ACT, 2005",Other
14357,RP Act,Other
14363,RP(UP) Act,Other
14365,RPC,Other
14399,"RULE 100 IMV R/W 177 IMV ACT, SEC 134 IMV R/W 177 ACT, SEC 130 CALUSE 1 R/W 177 IMV ACT",Other
14405,Railway Act,Other
14410,"Railway Act,1989",Other
14415,"Railway Claims Tribunal Act, 1987",Other
14438,"Railway Protection Force Act, 1957",Other
14443,RailwayClaimsTribunalAct,Other
14444,RailwayCompanies(EmergencyProvisions)Act,Other
14446,RailwayProtectionForce(Amendment)Act,Other
14447,RailwayProtectionForceAct,Other
14451,Railways Act,Other
14453,Railways Act 1989,Other
14460,RailwaysAct,Other
14461,RailwaysEmploymentofMembersoftheArmedForcesAct,Other
14490,Raj.Ex.act,Other
14526,"Rajasthan Bovine Animal,Proh of Slaughter and Reg of Temp Migration or Export, Act 1995",Other
14546,Rajasthan Excise Act,Other
14554,Rajasthan Exice Act,Other
14755,Rajasthan and Madhya Pradesh (Transfer of Territories) Act,Other
14817,Realization of Money,Other
14818,Reciprocity Act,Other
14819,ReciprocityAct,Other
14859,Refugees Registration and Movement Act 1947,Other
14861,Regional Rural Banks Act,Other
14862,Regional and town Planning Act (Maharashtra),Other
14866,Registration Act,Other
14868,"Registration Act, 1908",Other
14874,Registration Rules (Kerala),Other
14876,Registration and Licensing of Industrial Undertakings Rules,Other
14879,Registration of Birth and Death Act,Other
14883,Registration of Births and Deaths Act,Other
14890,Registration of Newspapers(Central) Rules,Other
14892,RegistrationAct,Other
14909,Relief Act,Other
14919,ReligiousSocietiesAct,Other
14948,Representation Of Peoples Act,Other
14963,Representation of the People Act 1951,Other
14967,RepresentationofthePeopleAct,Other
15032,RighttoInformationAct,Other
15037,Road Transport Corporations Act,Other
15041,RubberAct,Other
15061,Rule 14(a)(b) R/w 177 IMV Act,Other
15124,SAARCConvention(SuppressionofTerrorism)Act,Other
15128,"SALE OF GOODS ACT, 1930",Other
15131,"SARFAESI ACT, 2002",Other
15196,SEC  18 ABC AND 21 OF DV ACT 2005,Other
15210,SEC 138 AND 142 N.I.ACT,Other
15239,SEC 276 OF INDIAN SUCCESSION ACT,Other
15256,SEC 323 354 166 504 506 2 509 341 RW 34 OF IPC AND SEC 3 I IX X  XI OF SC ST PA ACT,Other
15272,SEC 7 13 1 D RW 13 2 P C  ACT 1988,Other
15361,SECTION 18(2) OF LAND ACQUISITION ACT,Other
15398,SENIOR CITIZENS SAVINGS SCHEME RULES,Other
15402,SHERIYAT ACT,Other
15421,SOCIETIES REGISTRATION ACT,Other
15422,"SOCIETIES REGISTRATION ACT, 1860",Other
15429,"SPECIAL MARRIAGE ACT, 1954",Other
15432,SPECIAL MARRIAGE ACT1954,Other
15434,SPECIAL RELIFT ACT,Other
15435,SPECIFIC RELIEF ACT,Other
15436,"SPECIFIC RELIEF ACT, 1963",Other
15437,SPECIFICE RELIEF ACT,Other
15441,SPIRITUOUS PREPARATION (INTER STATE TRADE AND COMMERCE) CONTROL ACT,Other
15446,"STAMP ACT, 1899",Other
15462,SUGAR CANE ACT 1934,Other
15482,SaleofGoodsAct,Other
15490,Sales Tax Laws Validation Act 1956,Other
15493,SalesTaxLawsValidationAct,Other
15497,Sampatti Virupan Nivaran Adhiniyam 1994,Other
15500,Sarais Act,Other
15526,Scheduled Castes and the Scheduled Tribes (Prevention of  Atrocities) Act,Other
15527,Scheduled Castes and the Scheduled Tribes (Prevention of  Atrocities) Act 1989,Other
15585,Sec 13 Cl 1 cl 1a Cl 1A Cl i Cl ii of Hindu Marriage Act,Other
15607,Sec 138 of NI Act,Other
15657,Sec 26 of Hindu Marriage Act,Other
15673,Sec 29 of G and WC read with Sec 8 of Hindu Minority and Guardianship Act 1956,Other
15689,Sec 34 of Arbitration and Conciliation Act,Other
15697,Sec 372 of Indian Succession Act,Other
15703,Sec 3@1 R/W 181 IMV ACT,Other
15782,Sec.,Other
15829,Sec. 26,Other
15832,Sec. 26 of C.P.C.,Other
15936,Sec.185 IMV Act,Other
16019,Sec372 of Indian Succession Act,Other
16022,Sec437 of Cr. P.C,Other
16023,Sec482 of KMC Act,Other
16024,Sec5 of Indian Limitation Act,Other
16030,Sec8 of Arbitration  Conciliation Act,Other
16032,Sec89 of Wakf Act,Other
16070,Section 166 of Motor Vehicle Act 1989,Other
16105,Section 372 of Indian Succession Act,Other
16111,Section 498 A,Other
16127,Section 9 0f Hindu Marriage Act,Other
16151,SecuritiesandExchangeBoardofIndiaAct,Other
16152,"Securitisation and Reconstruction of Financial Assets  and Enforcement of Security Interest Act,2002",Other
16164,SecurityInterestAct,Other
16170,Seeds Act,Other
16177,SeedsAct,Other
16221,Shops and Establishments Act 1958,Other
16226,Shram Kalyan Nidhi Adhiniyam 1982,Other
16228,"Sick Industrial Companies (Special Provisions) Repeal Act, 2003",Other
16232,SickIndustrialCompanies(SpecialProvisions)RepealAct,Other
16233,SickTextileUndertakings(Nationalisation)Act,Other
16276,SlumAreas(ImprovementandClearance)Act,Other
16320,Special Marriage Act,Other
16335,Special Protection Group Act,Other
16344,SpecialCourt(TrialofOffencesRelatingtoTransactionsinSecurities)Act,Other
16347,SpecialMarriageAct,Other
16348,SpecialProtectionGroupAct,Other
16370,SpecificReliefAct,Other
16376,Spices Board Act,Other
16377,SpicesBoardAct,Other
16392,Stage-CarriagesAct,Other
16394,"Stamp Act, 1959 (Kerala)",Other
16400,Standards of W & M (ENF) Act,Other
16402,Standards of Weight and Measurement (ENF) Act,Other
16413,Standards of Weights and Measures Act 1976,Other
16417,StandardsofWeightsandMeasures(Enforcement)Act,Other
16419,State Agricultural Credit Corporation Act,Other
16423,State Bank of India (Subsidiary Banks) Act,Other
16424,State Bank of India Act,Other
16429,State Financial Corporation Act,Other
16430,State Financial Corporations Act,Other
16442,State of Himachal Pradesh Act,Other
16448,StateArmedPoliceForces(ExtensionofLaws)Act,Other
16450,StateBankofIndiaAct,Other
16452,StateFinancialCorporationsAct,Other
16454,StatesReorganisationAct,Other
16485,Sugar(RegulationofProduction)Act,Other
16487,Sugar-CaneAct,Other
16488,SugarCessAct,Other
16489,SugarDevelopmentFundAct,Other
16490,SugarUndertaking(TakingoverofManagement)Act,Other
16546,"Survey and Boundaries Act, 1961 (Kerala)",Other
16550,T. G. Act,Other
16558,T.M.M. Act  \,Other
16559,T.M.M. Act Public Gambling Act 1955,Other
16571,"TAMIL NADU DENATURED SPIRIT, METHYL ALCOHOL AND VARNISH (FRENCH POLISH) RULES, 1959",Other
16583,TAMILNADU OPEN PLACE PRIVISNATION OF DISFIGUREMENT ACT 1959,Other
16610,"THE CATTLE TRESPASS (A.P. EXTENSION AND AMENDMENT ACT, 1959",Other
16635,"THE DESIGNS ACT, 2000",Other
16638,THE DISSOLUTION OF THE MARRIAGE ACT 1939,Other
16666,THE HINDU ADOPTION   MAINTENANCE ACT 1956,Other
16669,THE HINDU MARRIAGE ACT 1955,Other
16672,THE HINDU MINORITY  GUARDIANSHIP ACT1956,Other
16675,"THE HINDU SUCCESSION ACT, 1956",Other
16676,"THE IMMORAL TRAFFIC(PREVENTION)ACT, 1956",Other
16701,"THE KARNATAKA LAND REVENUE ACT, 1964",Other
16713,"THE LIMITATION ACT, 1963",Other
16806,"THE SC, ST (PREVENTION OF ATROCITIES) ACT, 1989",Other
16811,"THE SPECIAL MARRIAGE ACT, 1954",Other
16812,THE SPECIFIC RELIEF ACT,Other
16821,"THE UNLAWFUL ACTIVITIES (PREVENTION) ACT, 1967",Other
16840,"TN CITY POLICE ACT, 1888",Other
16844,"TN COOPERATIVE SOCIETIES ACT , 1983",Other
16848,TN District Muncipalities Act,Other
16852,"TN GAMING ACT, 1930",Other
16862,"TN OPEN PLACES(PREVENTION OF DISFIGUREMENT) ACT, 1959",Other
16869,TN PROHIBITION ACT,Other
16870,"TN PROHIBITION OF CHARGING EXORBITANT INTEREST ACT, 2003",Other
16876,TN PROTECTION OF INTEREST OF DEPOSITORS (IN FINANCIAL ESTABLISHMENT) ACT 1997,Other
16885,TNCF,Other
16887,TNCP Act,Other
16888,TNG ACT,Other
16891,TNOPPD Act,Other
16892,TNP ACt,Other
16908,TRADE &amp; MERCHANDISE MARKS ACT,Other
16914,TRADE MARKS ACT,Other
16919,"TRADEMARKS ACT, 1999",Other
16933,Tamil Nadu Agricultural Service Co-operative Societies  (Appointment of Special Officers) Amendment,Other
16936,Tamil Nadu City Police Act,Other
16940,Tamil Nadu Court Fee Act,Other
16943,Tamil Nadu District Municipalities Act 1920,Other
16948,Tamil Nadu Gambling Act,Other
16949,Tamil Nadu Gaming Act,Other
16956,Tamil Nadu Open Place Disfigurement Act 1959,Other
16958,Tamil Nadu Open Place Prevention at Disfugurement Act 1957,Other
16961,Tamil Nadu Open Places Prevention of Disfigurements Act 1959,Other
16963,"Tamil Nadu Panchayats Act, 1994",Other
16975,"Tamil Nadu Prohibition of Harassment of Women Act, 1998",Other
16986,"Tamil Nadu Public Trusts (Regulation of Administration of Agricultural Lands) Act, 1961",Other
16991,Tamil Nadu PublicGamblingAct,Other
16997,Tamil Nadu open place prevention of Disfigurement.Act 1959,Other
16998,Tamil Nadu open places prevention of disfigurement act 1959.,Other
17007,TamilNadu Open Places Prevention of Disfigurement Act 1989,Other
17014,TamilNaduAgriculturalServiceCo-operativeSocietiesAmendmentAct,Other
17016,TamilNaduProhibitionAct,Other
17017,TamilNaduProhibitionofCollectingExhorbitantInterestAct,Other
17018,TamilNaduProtectionofInterestsofDepositorsAct,Other
17019,TamilNaduTownNuisanceAct,Other
17020,Tamilnadu  Gaming Act,Other
17022,Tamilnadu City Police Act,Other
17025,Tamilnadu Court Fees Act,Other
17026,Tamilnadu Court fee Act,Other
17027,Tamilnadu Forest Act,Other
17029,Tamilnadu Gampling Act,Other
17040,Tamilnadu Open Places Prevention Distigurment,Other
17043,"Tamilnadu Prohibition Act, 1937",Other
17056,Taminl Nadu Gaming Act,Other
17061,TaxationLawsAct,Other
17065,TeaAct,Other
17068,TechnologyDevelopmentBoardAct,Other
17094,TerminalTaxonRailwayPassengersAct,Other
17098,TerritorialArmyAct,Other
17103,TerroristandDisruptiveActivities(Prevention)Act,Other
17137,"The Bengal Excise Act, 1909",Other
17171,"The Chhattisgarh Excise (Amendment) Act, 2002",Other
17206,The Companies Act 1956,Other
17261,The FATAl Accident Act 1855,Other
17313,"The Himachal Pradesh Excise Act, 2011",Other
17337,"The Import and Exports Control Act,  1947",Other
17360,The Indian Succession Act 1925\,Other
17404,"The Legal Metrology Act, 2009",Other
17417,The M.P. Agricultural Cattle Preservation Act 1956,Other
17422,The M.P.Kolahal Niyantran Adhiniyam 1985,Other
17429,The Madhya Pradesh Dakaiti Aur Vyapharan Prabhavit Kshetra Adhiniyam 1981,Other
17430,The Madhya Pradesh Dakaiti Aur Vyapharan Prabhavitkshetra 1981,Other
17433,The Madhya Pradesh Gram Tatha Nagar Raksha Samiti Adhinyam 1999,Other
17465,The Muslim Personal Law (Shariat) Application Act 1937,Other
17509,The Prevention of Corruption Act 1988\,Other
17535,"The Protection of Children from Sexual Offence Act, 2012",Other
17554,"The Protection ofChildren from Sexual Offences Act, 2012",Other
17557,The Public Gambling Act,Other
17611,The Rajasthan Excise Act,Other
17673,The Special Marriage Act,Other
17675,The Specific Relief Act 1963,Other
17791,TobaccoBoardAct,Other
17792,TobaccoCessAct,Other
17814,Trade Mark Act 1999  \,Other
17818,Trade Marks Act 1958  \,Other
17819,Trade Marks Act 1999,Other
17820,"Trade Marks Act, 1940",Other
17828,Trade Unions Act 1926,Other
17831,Trade and Merchandise marks act,Other
17833,TradeMarksAct,Other
17835,Trademark Act,Other
17852,Transformer and Switchgear Limited (Acquisition  and  Transfer of Undertakings) Act,Other
17857,TransplantationofHumanOrgansAct,Other
17876,"Travancore Cochin Literary, Scientific and Charitable Societies Registration Act, 1955",Other
17910,U / O 3 Rule 2 R /W Sec. 151. C.P.C,Other
17933,U O VII RULE 1 of C P C,Other
17955,U Order 8 Guardian And Wards ACT,Other
17968,U P Urban Planning and Development Act,Other
18021,U Sec 166 Of MVC ACT 1988,Other
18145,U.O.26 Rule 7 C.P.C.,Other
18223,U.SEC.126 BANGALORE WATER SUPPLY AND SEWERAGE BOARD ACT,Other
18239,U.Sec. 26 Order 7 Rule 1 and 2,Other
18242,U.Sec. 283 of Karnataka Town Municipalities Act,Other
18382,U/0 VII Rule 1 and 2 of C.P.C,Other
18392,U/O 1 RULE 10 .2. R/W SEC.151 C.P.C.,Other
18462,U/O 21 RULE  OF II C.P.C.,Other
18538,U/O 21 Rule 11(2) of C.P.C.1908,Other
18589,U/O 26 RULE 13 OF C P C,Other
18655,U/O 372 of Indian Sucession   Act 1925,Other
18675,U/O 39 Rule 1 and 2 OF C.P.C.,Other
18678,U/O 39 Rule 1 and 2 R/W Sec.151 C.P.C.,Other
18685,U/O 39 Rules 1 and 2 R/w Sec 94 b and e of C.P.C,Other
18698,U/O 41 RULE 1 AND 2 C.P.C. R/W SEC 96 C.P.C.,Other
18710,U/O 41 RULE 1 OF C.P.C.,Other
18759,U/O 41 Rule 19 R/W Sec 151 of C.P.C,Other
18797,U/O 43 RULE 1(r) OF THE C.P.C.,Other
18875,U/O 7 RULE  1  OFC P C,Other
18877,U/O 7 RULE  OF 1 C.P.C.,Other
18896,U/O 7 RULE 1 R/W 151 C.P.C..,Other
18911,U/O 7 RULE I OF C.P.C,Other
18913,U/O 7 Rule 1,Other
18915,U/O 7 Rule 1 C.P.C,Other
18921,U/O 7 Rule 1 and 2,Other
18930,U/O 7 Rule 1 and 2 of C.P.C.,Other
18934,U/O 7 Rule 1 and 3 of C.P.C.,Other
18947,U/O 7 rule 1 R/w.  26 of C.P.C,Other
18948,U/O 7 rule 1 and 2 of C.P.C R/W 26,Other
19094,U/O RULE VII 1.3.5.7 R/W SEC 26.151 OF C.P.C,Other
19106,U/O VII RULE 1  R/W SECTION 26 OF  C.P.C,Other
19111,U/O VII RULE 1 AND 2 OF C.P.C.,Other
19118,U/O VII RULE 1 C.P.C,Other
19122,U/O VII RULE 1 R/W 26 C.P.C,Other
19129,U/O VII RULE 1 R/W SECTION 54 OF C.P.C,Other
19301,U/O. VII  R/W.1 AND 2 R/W. SEC.26 OF C.P.C,Other
19342,U/O.21 RULE 11 OF C.P.C.,Other
19368,U/O.VII RULE 1 AND 2,Other
19381,U/ORDER VII RULE 1 AND 2 R/W SEC. 26 OF C.P.C,Other
19388,U/Order,Other
19427,U/Order 7 Rule 1 C PC,Other
19466,U/Rule,Other
19478,U/S  146 R/W 196 OF IMV ACT,Other
19650,U/S 12 OF HINDU MARRIAGE ACT,Other
19707,U/S 13 (3)  of Birth and Death Act 1969,Other
19809,U/S 13 of family court Act,Other
19816,U/S 13(1) (Ia) OF HINDU MARRIAGE ACT,Other
19895,U/S 138 of N.I. ACT,Other
19898,"U/S 138,142 NI ACT",Other
19899,U/S 13@3 of Registration of Births and Deaths Act,Other
19962,U/S 151 C.P.Code,Other
20002,U/S 166 MV Act,Other
20005,U/S 166 OF IMV ACT,Other
20009,U/S 166 OF MV ACT,Other
20022,U/S 166 of the motor vehicle ACT 1989,Other
20059,U/S 18(3)(B) OF LAC ACT,Other
20078,U/S 19 OF HINDU ADOPTION AND MAINTENANCE ACT,Other
20108,U/S 200 R/W 138 NI ACT,Other
20144,U/S 23 (2) R/W 19 D V ACT,Other
20163,U/S 24 C.P.C,Other
20170,U/S 24 OF HINDU MARRIAGE ACT,Other
20199,U/S 26  R/W ORDER VII RULE 1 AND 2 OF C.P.C,Other
20213,U/S 26 ORDER 7 RULE 1 OF C.P.C,Other
20219,U/S 26 R/W ORDER  7 RULE OF C.P.C.,Other
20225,U/S 26 R/W ORDER VII RULE 1.3.5 AND 7  C.P.C.,Other
20238,U/S 26 and O.VII. R.1 of C.P.C,Other
20331,U/S 276 OF INDIAN SUCCESSION ACT,Other
20334,U/S 276 R/W SEC 272 OF INDIAN SUCCESSION ACT 1925 AND U/S 30 OF HINDU SUCCESSION ACT. 1956,Other
20335,U/S 276 R/w Sec 372 of Indian Succession Act,Other
20337,U/S 276.1 of Indian succession  Act,Other
20378,U/S 284 2 of K.M Act 1964,Other
20405,U/S 295 OF INDIAN SUCCESSION ACT,Other
20576,U/S 372 OF INDIAN SUCCESSION ACT,Other
20583,U/S 372 of IndianSuccession Act,Other
20588,U/S 375 OF INDIAN SUCCESSION ACT,Other
20613,U/S 39 AND 39 b R/W SEC 7 AND 8 OF GUARDIAN AND WARDS ACT,Other
20721,U/S 5 of Indian Limitation Act,Other
20743,U/S 53 OF MENTAL HEALTH ACT,Other
20846,U/S 7 OF INSOLVENCY ACT,Other
20874,U/S 7 rule 1 of C.P.C,Other
20890,U/S 70 of K C S ACT 1959,Other
20915,U/S 8 AND 9 R/W SEC 29 OF G AND WC ACT,Other
20933,U/S 80 (2) OF C.P.C.,Other
21011,U/S 92 J of K.P. Act,Other
21084,U/S CATTLE PREVENTION ACT,Other
21105,U/S VII RULE ONE OF C P C,Other
21106,U/S VII Rule 1 and 2 of C.P.C,Other
21146,U/S. 138 OF NEGOTIABLE INSTRUMENT ACT,Other
21168,U/S. 295 OF KARNATAKA PANCHAYATH ACT 1993,Other
21169,U/S. 299 OF KARNATAKA VILLAGE PANCHAYAT ACT,Other
21228,"U/S.26, O.7, RULES 1 to 8",Other
21285,U/SEC 27 ORDER VII RULE 1 OF C.P.C.,Other
21307,U/SEC.  146 R/W 196 OF I.M.V. ACT,Other
21325,U/SEC. 26 AND ORDER 7 RULE 1 OF C.P.C.,Other
21333,U/SEC. 27 AND 30 OF KRC ACT,Other
21455,U/Sec 214 of Indian Succession Act,Other
21646,U/Sec. 138 of N.I. Act,Other
21769,U/Sec. 372 of the Indian Succession Act,Other
21844,"U/Sec. 9, 26 R/W ORDER 7 RULE 1 OF C.P.C.",Other
21905,U/Sec.166 of MV Act,Other
22074,U/o 21  Rule  35 of  C P C,Other
22208,U/o 39 R 1 and 2 C.P.C.,Other
22211,U/o 39 Rule 1 and 2,Other
22387,U/o 6 Rule 14(A),Other
22410,U/o 7 Rule 1 and 2 R/w 26 of C P C,Other
22420,U/o 7 Rule 1 and 3,Other
22427,U/o 7 Rule 1 of C.P.C.,Other
22436,U/o 7 Rule 14(A),Other
22486,U/o 9 Rule 4 of C.P.C.,Other
22544,U/o VII  Rule 1 R/w 26 of C.P.C.,Other
22555,U/o VII Rule 1 and 2 C.P.C.,Other
22574,U/o VII rule 1 and 3,Other
22649,U/o.,Other
22708,U/o.21 R 11 C.P.C.,Other
22713,U/o.39 R.3 C.P.C.,Other
22731,U/o/Sec/Act,Other
22781,U/r,Other
22783,U/s,Other
22800,U/s 10 and 22 of W. C. Act.,Other
22818,U/s 108 of Indian Evidence Act,Other
22820,U/s 11 R/w 22 of W.C. Act,Other
22905,U/s 13 clause 3 of Birth and Death Registration Act,Other
22931,U/s 13(3) B and D Act,Other
22976,U/s 138 of NI Act,Other
23039,U/s 166 of MV Act1989,Other
23043,U/s 17 of 1 and 2 of DV ACT,Other
23064,"U/s 18 of Hindu Adoptions and Maintenance Act., 1956",Other
23136,"U/s 22 R/w Sec., 10A 2 of W.C. Act.",Other
23143,U/s 22 of W.C Act.,Other
23195,U/s 26 of C.P.C,Other
23333,U/s 372 of the Indian Succession Act,Other
23413,U/s 54 of land acquisition act,Other
23439,U/s 7 and 25 of Guardian and Wards act,Other
23451,U/s 71 of the Bombay Public Act,Other
23509,U/s 9 of Hindu marriage act.,Other
23527,U/s 92 (O) (R) (Q) K .P. Act,Other
23683,U/s. 166 of M.V.Act 1988,Other
23878,U/s. 64 KUD Act,Other
24045,U/sec,Other
24064,U/sec 138 and 142 of N.I.Act.,Other
24181,U/sec. 13(3) Birth  and Death Act,Other
24513,UNDER ORDER 7 RULE 1 AND 2 OF C.P.C.,Other
24516,UNDER ORDER 7 RULE 1 AND 2 R/W SECTION 26 OF C.P.C.,Other
24519,UNDER ORDER 7 RULE 1 AND 3 OF C.P.C,Other
24524,UNDER ORDER 7 RULE 1 C.P.C,Other
24526,UNDER ORDER 7 RULE 1 OF C.P.C.,Other
24527,UNDER ORDER 7 RULE 1 OF C.P.C.READ WITH SEC 26 OF C.P.C,Other
24531,UNDER ORDER 7 RULE 1 R/W SEC. 26 OF C.P.C.,Other
24542,UNDER ORDER 7 RULES 1 AND 2 R.W SEC 26 OF C.P.C.,Other
24577,UNDER ORDER VII,Other
24583,UNDER ORDER VII RULE 3 OF C.P.C.,Other
24621,UNDER SEC 12 OF DVC ACT 2005,Other
24641,UNDER SEC 4 RW 21.1,Other
24650,UNDER SEC. 138 AND 142 NI ACT,Other
24739,UNDER SECTION 138 OF N I ACT,Other
25055,Under,Other
25071,Under  order 7 Rules 1 and 2 C.P.C.,Other
25098,Under Act(s),Other
25185,Under Order,Other
25308,Under Order 26 R/W Order 7 Rules 1 and 2 C.P.C.,Other
25334,Under Order 34 Rule 1 to 5 read with Order VII Rule 1 read with Section 26 of C.P.C,Other
25353,Under Order 39 Rule 1 and  3,Other
25535,Under Order 7 rule 1,Other
25620,Under Order VII Rule 1 C P C,Other
25707,Under Rule 15 of Muncipalities Election Rule,Other
25721,Under Rule.,Other
25817,Under Sec 18 of Family Court Act,Other
25864,Under Sec 438 of Cr PC Anticipatory Bail,Other
25865,Under Sec 46 2 K R Act 1999,Other
25943,Under Sec. 138 of N.I. Act,Other
25968,Under Sec. 200 of Cr. P.C.,Other
26172,Under Section 13  3 of  Birth and Death ACt,Other
26214,Under Section 13 of the Family Court Act,Other
26266,Under Section 13.1.B of Hindu Marriage Act,Other
26271,Under Section 13.B.2 of Hindu marriage Act,Other
26276,Under Section 138 N.I. Act,Other
26277,Under Section 138 and 142 of NI Act,Other
26307,Under Section 154 and 174 clause C of Railway Act.,Other
26353,Under Section 2 of the Dissolution of Muslim Marriage Act 1939,Other
26360,Under Section 200 Cr. P.C.,Other
26590,Under Section 70    4  of K.C.S.Act.,Other
26633,Under Section 92 O and R KP Act,Other
26645,Under Section 96,Other
26831,Under order 34,Other
26845,Under order 39 rule 1 and 2,Other
26892,Under order 7 rule 1 and 2,Other
26937,Under order VII Rule 1 and 2 of C.P.C.,Other
26961,Under rule 15 of the Karnataka Muncipalities election rule 1965,Other
26963,Under sec,Other
27073,Under section 13 class 3 r/w 10 class 3,Other
27093,Under section 166 M.V Act,Other
27164,Under section 7 rule 1 and 2 R w 331 and section 2  8A and G Mahamadiya Act,Other
27207,UnionDutiesofExcise(Distribution)Act,Other
27215,University Act,Other
27218,UniversityGrantsCommissionAct,Other
27223,Unlawful Activities (Prevention) Act,Other
27225,Unlawful Activities (Prevention) Act 1967,Other
27240,UnlawfulActivities(Prevention)Act,Other
27244,Untouchability (Offences) Amendment and Miscellaneous  Provision Act,Other
27250,Urban Land (Ceiling and Regulation) Act,Other
27272,Usec IP,Other
27274,Usurious Loans Act,Other
27276,UsuriousLoansAct,Other
27388,VII Rule 1 and 3 of C P C,Other
27390,VII Rule 1 of C P C,Other
27393,"VII Rule 1, 3,  5",Other
27395,VII Rule 1.C.P.C.,Other
27401,Value Added Tax Act,Other
27452,W.B.G And P.C,Other
27486,WAKF Act 1954  \,Other
27586,WakfAct,Other
27593,Warehousing Corporations (Supplementary) Act,Other
27598,Waste-Lands(Claims)Act,Other
27620,Weight & Measurement ACT (W.M. Act),Other
27749,WhitePhosphorusMatchesProhibitionAct,Other
27756,Wild Life (Protection) Act,Other
27757,Wild Life (Protection) Act 1972,Other
27763,Wild Life Act \,Other
27785,WildLife(Protection)Act,Other
27846,"Workmen Compensation Act, 1923",Other
27850,Workmen's Compensation Act,Other
27852,Workmens Compensation Act,Other
27853,Workmens Compensation Act 1923,Other
27897,YoungPersons(HarmfulPublications)Act,Other
27905,Zamindari Abolition and land Reform Act,Other
27934,arbitration and Conciliation Act1996\,Other
28016,dda1 1990,Other
28021,delivery,Other
28026,dissolution of marrage,Other
28143,maintenance,Other
28149,mohemmadian Act,Other
28224,order 43 rule 1 of C.P.C,Other
28267,others Act,Other
28377,restitution of conjugal rights,Other
28396,sec 389 subclass 1 of crpc,Other
28414,section 272 read with section 276 of indian succession  act,Other
28416,section 397 1 of Cr. PC,Other
28545,u/o 32 Rule 1 and 2 of C.P.C.,Other
28621,u/o vii rule 1 and 2 of  cr.p.,Other
28694,"u/s 13 of 3, Birth and Death act",Other
28714,u/s 138 N.I. Act,Other
28850,u/s 32 Rule 3 of C.P.C. R/w 151 of C.P.C,Other
29477,under Sec.276 of the Indian Succession Act 1975,Other
29612,under order VII Rule 1 of the C.P.C.,Other
29666,under section,Other
29785,under section 75(B) 151 and Order XXVI Rule 9 of C.P.C. 1908.,Other
29851,xxA.P.M.C.Act,Other
